<?xml version="1.0" encoding="UTF-8" ?>
<!--
 Licensed to the Apache Software Foundation (ASF) under one or more
 contributor license agreements.  See the NOTICE file distributed with
 this work for additional information regarding copyright ownership.
 The ASF licenses this file to You under the Apache License, Version 2.0
 (the "License"); you may not use this file except in compliance with
 the License.  You may obtain a copy of the License at

     http://www.apache.org/licenses/LICENSE-2.0

 Unless required by applicable law or agreed to in writing, software
 distributed under the License is distributed on an "AS IS" BASIS,
 WITHOUT WARRANTIES OR CONDITIONS OF ANY KIND, either express or implied.
 See the License for the specific language governing permissions and
 limitations under the License.
-->

<schema name="example" version="1.5">

 <!-- ================================================================ -->
 <!--                            FIELDS                                -->
 <!-- ================================================================ -->
 <fields>

 <!--<field name="clave" type="string" indexed="true" stored="true" multiValued="false" />-->
 
 <!-- ~~~~~~~~~~~~~~~~~~~~~~~~~~~~~~~~~~~~~~~~~~~~~~~~ -->
 <!-- ~~~~~~~~~~~~~~~~~~~ CALLEJERO ~~~~~~~~~~~~~~~~~~ -->
 <!-- ~~~~~~~~~~~~~~~~~~~~~~~~~~~~~~~~~~~~~~~~~~~~~~~~ -->

  <!-- ~~~~~~~~~~~~~~~~~~~ VIAS ~~~~~~~~~~~~~~~~~~~ -->
  <field name="tipo_via" type="texto" indexed="true" stored="true" multiValued="false" />
  <field name="via" type="texto" indexed="true" stored="true" multiValued="false" />
  <field name="via_norm" type="texto" indexed="true" stored="true" multiValued="false" />
  <field name="nombre_municipio" type="texto_sin" indexed="true" stored="true" multiValued="false" />
  <field name="nombre_provincia" type="texto_sin" indexed="true" stored="true" multiValued="false" />

 <!-- ~~~~~~~~~~~~~~~~~~~~~~~~~~~~~~~~~~~~~~~~~~~~~~~~ -->
 <!-- ~~~~~~~~~~~~~~~~~~~~ DERA ~~~~~~~~~~~~~~~~~~~~ -->
 <!-- ~~~~~~~~~~~~~~~~~~~~~~~~~~~~~~~~~~~~~~~~~~~~~~~~ -->
 <field name="municipio" type="texto_sin" indexed="true" stored="true" multiValued="false" />
 <field name="provincia" type="texto_sin" indexed="true" stored="true" multiValued="false" />
 
 <field name="nombre_cumbre" type="texto" indexed="true" stored="true" multiValued="false" />
 <field name="nombre_puerto" type="texto" indexed="true" stored="true" multiValued="false" />
 <field name="altura" type="float" indexed="true" stored="true" multiValued="false" />

 <field name="nombre_vertice_geodesico"  type="texto" indexed="true" stored="true" multiValued="false" />
 <field name="cota_vertice" type="float" indexed="true" stored="true" multiValued="false" />
 <field name="nombre_rap"  type="texto" indexed="true" stored="true" multiValued="false" />
 <field name="estado_rap"  type="texto" indexed="true" stored="true" multiValued="false" />
 <field name="nombre_roi"  type="texto" indexed="true" stored="true" multiValued="false" />
 <field name="cota_roi" type="float" indexed="true" stored="true" multiValued="false" />

 <field name="nombre_rio_ruta" type="texto" indexed="true" stored="true" multiValued="false" />
 <field name="nombre_manantial" type="texto" indexed="true" stored="true" multiValued="false" />
 <field name="cuenca_manantial" type="string" indexed="false" stored="true" multiValued="false" />

 <field name="nombre_fuente" type="texto" indexed="true" stored="true" multiValued="false" />
 <field name="tipo_fuente" type="texto" indexed="true" stored="true" multiValued="false" />
 <field name="cuenca_fuente" type="texto" indexed="true" stored="true" multiValued="false" />
 <field name="foto_fuente" type="texto" indexed="false" stored="true" multiValued="false" />
 <field name="web_fuente" type="texto" indexed="false" stored="true" multiValued="false" />

 <field name="nombre_playa" type="texto" indexed="true" stored="true" multiValued="false" />
 <field name="longitud" type="int" indexed="true" stored="true" multiValued="false" />
 <field name="ancho_medio" type="int" indexed="false" stored="true" multiValued="false" />
 <field name="vegetacion_playa" type="string" indexed="false" stored="true" multiValued="false" />
 <field name="grado_ocupacion_playa" type="string" indexed="false" stored="true" multiValued="false" />
 <field name="paseo_marino_playa" type="string" indexed="false" stored="true" multiValued="false" />
 <field name="acceso_minusvalidos" type="string" indexed="false" stored="true" multiValued="false" />
 <field name="grado_urbano_playa" type="string" indexed="false" stored="true" multiValued="false" />
 <field name="tipo_playa" type="string" indexed="true" stored="true" multiValued="false" />

 <field name="supericie_explotada" type="float" indexed="false" stored="true" multiValued="false" />
 <field name="tipo_actividad_extrac" type="string" indexed="true" stored="true" multiValued="false" />
 <field name="nombre_georrecurso" type="texto" indexed="true" stored="true" multiValued="false" />

 <field name="nucleo_poblacion" type="texto_sin" indexed="true" stored="true" multiValued="false" />
 <field name="tipo_nucleo" type="string" indexed="false" stored="true" multiValued="false" />
 <field name="codigo_municipio" type="int" indexed="false" stored="true" multiValued="false" />  
 <field name="pob_municipio_2013" type="int" indexed="false" stored="true" multiValued="false" />  

 <field name="nombre_poblamiento" type="texto_sin" indexed="true" stored="true" multiValued="false" />
 <field name="tipo_poblamiento" type="string" indexed="false" stored="true" multiValued="false" />
 <field name="nombre_edif_singular" type="texto" indexed="true" stored="true" multiValued="false" /> 

 <field name="nombre_espacio_productivo" type="texto" indexed="true" stored="true" multiValued="false" />
 <field name="estado" type="string" indexed="false" stored="true" multiValued="false" />
 <field name="estado_det" type="string" indexed="false" stored="true" multiValued="false" />
 <field name="nombre_cade" type="texto" indexed="true" stored="true" multiValued="false" />
 <field name="nombre_parque_tecnologico" type="texto" indexed="true" stored="true" multiValued="false" />
 <field name="nombre_area_logistica" type="texto" indexed="true" stored="true" multiValued="false" />
 <field name="sector_area_logistica" type="texto" indexed="true" stored="true" multiValued="false" />
 <field name="estado_area_logistica" type="texto" indexed="true" stored="true" multiValued="false" />

 <field name="puerto_pesquero" type="string" indexed="false" stored="true" multiValued="false" />
 <field name="puerto_deportivo" type="string" indexed="false" stored="true" multiValued="false" />
 <field name="puerto_comercial" type="string" indexed="false" stored="true" multiValued="false" />
 <field name="titularidad" type="string" indexed="false" stored="true" multiValued="false" />
 <field name="gestion" type="string" indexed="false" stored="true" multiValued="false" /> 

 <field name="nombre_aeropuerto" type="texto" indexed="true" stored="true" multiValued="false" />
 <field name="nombre_faro" type="texto" indexed="true" stored="true" multiValued="false" />
 <field name="direccion_estacion_autobus" type="string" indexed="false" stored="true" multiValued="false" />
 <field name="tipo_estacion_autobus" type="string" indexed="false" stored="true" multiValued="false" />
 <field name="direccion_parada_autobus" type="string" indexed="false" stored="true" multiValued="false" />
 <field name="ambito_parada" type="string" indexed="false" stored="true" multiValued="false" />    
 <field name="nombre_itv" type="texto" indexed="true" stored="true" multiValued="false" />
 <field name="nombre_estacion_tren" type="texto" indexed="true" stored="true" multiValued="false" />
 <field name="tipo_estacion_tren" type="string" indexed="true" stored="true" multiValued="false" />
 <field name="nombre_peaje" type="texto" indexed="true" stored="true" multiValued="false" />
 <field name="nombre_area_servicio" type="texto" indexed="true" stored="true" multiValued="false" />
 <field name="biodiesel" type="string" indexed="true" stored="true" multiValued="false" />
 <field name="nombre_estacion_metro" type="texto" indexed="true" stored="true" multiValued="false" />
 <field name="tipo_estacion_metro" type="string" indexed="true" stored="true" multiValued="false" />
 <field name="situacion" type="string" indexed="true" stored="true" multiValued="false" />

  <!-- ~~~~~~~~~~~~~~~~~~~~ DERA G10 Viario ~~~~~~~~~~~~~~~~~~~~ -->

 <field name="nombre_1_senderos" type="texto" indexed="true" stored="true" multiValued="false" />
 <field name="nombre_2_senderos" type="texto" indexed="true" stored="true" multiValued="false" />
 <field name="longitud_senderos" type="float" indexed="false" stored="true" multiValued="false" />
 <field name="nombre_via_verde" type="texto" indexed="true" stored="true" multiValued="false" />
 <field name="trazado_via_verde" type="texto" indexed="true" stored="true" multiValued="false" />
 <field name="firme_via_verde" type="string" indexed="true" stored="true" multiValued="false" />
 <field name="viandantes_via_verde" type="string" indexed="false" stored="true" multiValued="false" />
 <field name="minusvalidos_via_verde" type="string" indexed="false" stored="true" multiValued="false" />
 <field name="ciclistas_via_verde" type="string" indexed="false" stored="true" multiValued="false" />
 <field name="ecuestre_via_verde" type="string" indexed="false" stored="true" multiValued="false" />

 <field name="nombre_central_electrica" type="texto" indexed="true" stored="true" multiValued="false" />
 <field name="tecnologia" type="string" indexed="false" stored="true" multiValued="false" />
 <field name="potencia" type="string" indexed="false" stored="true" multiValued="false" />
 <field name="regimen" type="string" indexed="false" stored="true" multiValued="false" />
 <field name="rio" type="string" indexed="false" stored="true" multiValued="false" />
 <field name="nombre_mina_energetica" type="texto" indexed="true" stored="true" multiValued="false" />
 <field name="nombre_parque_eolico" type="texto" indexed="true" stored="true" multiValued="false" />
 <!--<field name="nombre_planta_termosolar" type="texto" indexed="true" stored="true" multiValued="false" />-->
 <field name="nombre_subestacion_electrica" type="texto" indexed="true" stored="true" multiValued="false" />
 <field name="tension" type="string" indexed="false" stored="true" multiValued="false" />

<!-- DERA G12 Infraestructuras hidráulicas  -->

 <field name="nombre_embalse" type="texto" indexed="true" stored="true" multiValued="false" />
 <field name="capacidad" type="float" indexed="false" stored="true" multiValued="false" />
 <!--<field name="nombre_captacion" type="texto" indexed="true" stored="true" multiValued="false" />
 <field name="tipo_captacion" type="string" indexed="false" stored="true" multiValued="false" />
 <field name="propietario_captacion" type="string" indexed="false" stored="true" multiValued="false" />-->
 <field name="nombre_edar" type="texto" indexed="true" stored="true" multiValued="false" />
 <field name="propietario_edar" type="string" indexed="true" stored="true" multiValued="false" />
 <field name="situacion_edar" type="string" indexed="false" stored="true" multiValued="false" />
 <field name="destino_edar" type="string" indexed="false" stored="true" multiValued="false" />
 <field name="procedencia_edar" type="string" indexed="false" stored="true" multiValued="false" />
 <field name="nombre_pf" type="texto" indexed="true" stored="true" multiValued="false" />

  <!-- ~~~~~~~~~~~~~~~~~~~~ DERA G15 Patrimonio ~~~~~~~~~~~~~~~~~~~~ -->
 <field name="nombre_patrimonio_inmueble" type="texto" indexed="true" stored="true" multiValued="false" />
 <field name="nombre_conjunto_historico" type="texto" indexed="true" stored="true" multiValued="false" />
 <field name="nombre_patrimonio" type="texto" indexed="true" stored="true" multiValued="false" />
 <field name="lista_unesco" type="texto" indexed="true" stored="true" multiValued="false" />
 <field name="nombre_reca" type="texto" indexed="true" stored="true" multiValued="false" />
 <field name="tipo_reca" type="string" indexed="false" stored="true" multiValued="false" />
 <field name="nombre_cavidad" type="texto" indexed="true" stored="true" multiValued="false" />
 <field name="profundidad" type="float" indexed="false" stored="true" multiValued="false" />
 <field name="paraje_cavidad" type="string" indexed="false" stored="true" multiValued="false" />
 <field name="figura" type="string" indexed="true" stored="true" multiValued="false" />
 <field name="nombre_parque" type="texto" indexed="true" stored="true" multiValued="false" />
 <field name="superficie" type="float" indexed="false" stored="true" multiValued="false" />
 <field name="nombre_enp" type="texto" indexed="true" stored="true" multiValued="false" />
 <field name="nombre_geoparque" type="texto" indexed="true" stored="true" multiValued="false" />
 <field name="nombre_red_natura" type="texto" indexed="true" stored="true" multiValued="false" />
 <field name="superficie_red_natura" type="float" indexed="false" stored="true" multiValued="false" />
 <field name="nombre_reserva_biosfera" type="texto" indexed="true" stored="true" multiValued="false" />
 <field name="superficie_reserva_biosfera" type="float" indexed="false" stored="true" multiValued="false" />

 <field name="nombre_centro_salud" type="texto" indexed="true" stored="true" multiValued="false" />
 <field name="tipo_centro_salud" type="string" indexed="false" stored="true" multiValued="false" />
 <field name="direccion_centro_salud" type="string" indexed="false" stored="true" multiValued="false" />
 <field name="localidad_centro_salud" type="texto_sin" indexed="false" stored="true" multiValued="false" />
 <field name="distrito_centro_salud" type="string" indexed="false" stored="true" multiValued="false" />
 <field name="nombre_centro_hospitalario" type="texto" indexed="true" stored="true" multiValued="false" />
 <field name="nombre_centro_hospitalario2" type="texto" indexed="true" stored="true" multiValued="false" />
 <field name="nombre_equip_educativo" type="texto" indexed="true" stored="true" multiValued="false" />
 <field name="tipo_equip_educativo" type="string" indexed="true" stored="true" multiValued="false" />   
 <field name="titularidad_centro" type="texto" indexed="true" stored="true" multiValued="false" />
 <field name="nombre_universidad" type="texto" indexed="true" stored="true" multiValued="false" />
 <field name="nombre_facultad" type="texto" indexed="true" stored="true" multiValued="false" />
 <field name="campus" type="texto" indexed="true" stored="true" multiValued="false" />
 <field name="universidad" type="texto" indexed="true" stored="true" multiValued="false" />
 <field name="nombre_campus_uni" type="texto" indexed="true" stored="true" multiValued="false" />
 <field name="nombre_biblioteca" type="texto" indexed="true" stored="true" multiValued="false" />
 <field name="tipo_biblioteca" type="string" indexed="true" stored="true" multiValued="false" />
 <field name="nombre_observatorio_astro" type="texto" indexed="true" stored="true" multiValued="false" />
 <field name="nombre_ayuntamiento" type="texto" indexed="true" stored="true" multiValued="false" />
 <field name="nombre_organismo" type="texto" indexed="true" stored="true" multiValued="false" />
 <field name="nombre_oficina" type="texto" indexed="true" stored="true" multiValued="false" />
 <field name="nombre_oficina_correo" type="texto" indexed="true" stored="true" multiValued="false" />
 <field name="nombre_cementerio" type="texto" indexed="true" stored="true" multiValued="false" />
 <field name="nombre_edificio_religioso" type="texto" indexed="true" stored="true" multiValued="false" />
 <field name="superficie_cc" type="float" indexed="true" stored="true" multiValued="false" />
 <field name="nombre_cc" type="texto" indexed="true" stored="true" multiValued="false" />
 <field name="tipologia_cc" type="string" indexed="true" stored="true" multiValued="false" />
 <field name="anyo_apertura" type="int" indexed="true" stored="true" multiValued="false" />
 <field name="tipo_superficie" type="string" indexed="true" stored="true" multiValued="false" /> 
 <field name="nombre_mercado" type="texto" indexed="true" stored="true" multiValued="false" /> 
 <field name="nombre_comercio_abierto" type="texto" indexed="true" stored="true" multiValued="false" /> 
 <field name="tipo_equipamiento" type="texto" indexed="true" stored="true" multiValued="false" />
 <field name="nombre_equipamiento" type="texto" indexed="true" stored="true" multiValued="false" />
 <field name="tipo_equipamiento_infoca" type="texto" indexed="true" stored="true" multiValued="false" />
 <field name="base_equipamiento_infoca" type="texto" indexed="true" stored="true" multiValued="false" />
 <field name="nombre_museo" type="texto" indexed="true" stored="true" multiValued="false" />
 <field name="nombre_alojamiento" type="texto" indexed="true" stored="true" multiValued="false" />
 <field name="nombre_parque_ocio" type="texto" indexed="true" stored="true" multiValued="false" />
 <field name="nombre_oficina_turismo" type="texto" indexed="true" stored="true" multiValued="false" />
 <field name="nombre_campo_golf" type="texto" indexed="true" stored="true" multiValued="false" />
 <field name="nombre_palacio_congreso" type="texto" indexed="true" stored="true" multiValued="false" />
 <field name="nombre_instalacion_deportiva" type="texto" indexed="true" stored="true" multiValued="false" />
 <field name="tipo_instalacion_deportiva" type="texto" indexed="true" stored="true" multiValued="false" />
 <field name="nombre_comisaria" type="texto" indexed="true" stored="true" multiValued="false" />
 <field name="tipo_comisaria" type="texto" indexed="true" stored="true" multiValued="false" />
 <field name="nombre_centro_penitenciario" type="texto" indexed="true" stored="true" multiValued="false" />
 <field name="nombre_parque_bomberos" type="texto" indexed="true" stored="true" multiValued="false" />
 <field name="nombre_zona_militar" type="texto" indexed="true" stored="true" multiValued="false" />
 <field name="nombre_barrio"    type="texto" indexed="true" stored="true" multiValued="false" />
 <field name="distrito_barrio"  type="texto" indexed="true" stored="true" multiValued="false" />
 <field name="nombre_marisma"  type="texto" indexed="true" stored="true" multiValued="false" />
 <field name="nombre_farmacia"  type="texto" indexed="true" stored="true" multiValued="false" />

 <field name="key2"  type="texto" indexed="true" stored="false" multiValued="false" />

 <!-- 
  <field name="nombre_abrevadero" type="texto" indexed="true" stored="true" multiValued="false" />
  <field name="paraje_abrevadero" type="texto" indexed="true" stored="true" multiValued="false" />
  <field name="cuena_abrevadero" type="texto" indexed="true" stored="true" multiValued="false" />
  <field name="rio_abrevadero" type="texto" indexed="true" stored="true" multiValued="false" />
  <field name="altitud" type="int" indexed="true" stored="true" multiValued="false" />
  <field name="procedencia_abrevadero" type="texto" indexed="true" stored="true" multiValued="false" />
  <field name="valoracion_abrevadero" type="string" indexed="false" stored="true" multiValued="false" />
  <field name="paradabus_nombre" type="texto" indexed="true" stored="true" multiValued="false" />
  <field name="paradabus_tipos" type="texto" indexed="true" stored="true" multiValued="false" />
  <field name="nombre_acuicultura" type="texto" indexed="true" stored="true" multiValued="false" />
  <field name="provincia_acuicultura" type="texto" indexed="true" stored="true" multiValued="false" />
  <field name="localidad_acuicultura" type="texto_sin" indexed="true" stored="true" multiValued="false" />
  <field name="especies_acuicultura" type="texto" indexed="true" stored="true" multiValued="false" />
  <field name="zona_pepmf" type="texto" indexed="true" stored="true" multiValued="false" />
  <field name="area_pepmf" type="float" indexed="false" stored="true" multiValued="false" />
  <field name="codigo_entidad" type="string" indexed="true" stored="true" multiValued="false" />   
  <field name="descripcion_campo_golf" type="string" indexed="false" stored="true" multiValued="false" />
  <field name="ubicacion_campo_golf" type="string" indexed="true" stored="true" multiValued="false" />
  <field name="numero_hoyos" type="int" indexed="true" stored="true" multiValued="false" />
  <field name="area_zona_militar" type="float" indexed="true" stored="true" multiValued="false" />
  <field name="matricula_carretera" type="texto" indexed="true" stored="true" multiValued="false" />
  <field name="denominacion_carretera" type="texto" indexed="true" stored="true" multiValued="false" />
  <field name="titular_carretera" type="string" indexed="true" stored="true" multiValued="false" />
  <field name="jerarquia_carretera" type="string" indexed="true" stored="true" multiValued="false" />
  <field name="tipo_carretera" type="string" indexed="true" stored="true" multiValued="false" />
  <field name="longitud_carretera" type="float" indexed="true" stored="true" multiValued="false" />
  <field name="tipo_ffcc" type="texto" indexed="true" stored="true" multiValued="false" />
  <field name="longitud_ffcc" type="float" indexed="true" stored="true" multiValued="false" />
  <field name="electrific_ffcc" type="string" indexed="true" stored="true" multiValued="false" />
  <field name="ancho_ffcc" type="string" indexed="true" stored="true" multiValued="false" />
  <field name="situacion_ffcc" type="string" indexed="true" stored="true" multiValued="false" />
  <field name="caracteris_ffcc" type="string" indexed="true" stored="true" multiValued="false" />
  <field name="nombre_ffcc" type="texto" indexed="true" stored="true" multiValued="false" />
  <field name="denominaci_via_pec" type="texto" indexed="true" stored="true" multiValued="false" />
  <field name="provincia_via_pec" type="texto" indexed="true" stored="true" multiValued="false" />
  <field name="municipio_via_pec" type="texto" indexed="true" stored="true" multiValued="false" />
  <field name="longitudve_via_pec" type="float" indexed="false" stored="true" multiValued="false" />
  <field name="longitudap_via_pec" type="float" indexed="false" stored="true" multiValued="false" />
  <field name="ancholegal_via_pec" type="float" indexed="false" stored="true" multiValued="false" />
  <field name="tipo_via_via_pec" type="string" indexed="true" stored="true" multiValued="false" />-->
 
  <!-- ~~~~~~~~~~~~~~~~~~~ OTROS ~~~~~~~~~~~~~~~~~~~ -->
  <field name="solrid" type="uuid" indexed="true" stored="true" required="true" />
  <field name="geom" type="spatial" indexed="false" stored="true" />
  <field name="keywords" type="texto" indexed="true" stored="true" multiValued="true" />
  <field name="_version_" type="long" indexed="true" stored="true" />
  
  <!-- ~~~~~~~~~~~~~~~~~~~ TEXT ~~~~~~~~~~~~~~~~~~~ -->
  <field name="text" type="texto" indexed="true" stored="false" multiValued="true" termVectors="true" termPositions="true" termOffsets="true" />


  <!-- ~~~~~~~~~~~~~~~~~~~ AUTOCOMPLETAR ~~~~~~~~~~~~~~~~~~~ -->
  <field name="nombre_autocompletar" type="text_auto" indexed="true" stored="false" multiValued="true" />

 </fields>

  <uniqueKey>solrid</uniqueKey>
  <!--<uniqueKey>clave</uniqueKey>-->


 <!-- ================================================================ -->
 <!--                         COPY FIELDS                              -->
 <!-- ================================================================ -->
 <!--<copyField source="clave" dest="text" />-->

 <!-- ~~~~~~~~~~~~~~~~~~~ CALLEJERO ~~~~~~~~~~~~~~~~~~ -->
  <copyField source="tipo_via" dest="text" />
  <copyField source="via" dest="text" />
  <copyField source="via_norm" dest="text" />
  <copyField source="nombre_municipio" dest="text" />
  <copyField source="nombre_provincia" dest="text" />
  
  <!-- ~~~~~~~~~~~~~~~~~~~~ DEA100 ~~~~~~~~~~~~~~~~~~~~ -->
  <copyField source="municipio" dest="text" />
  <copyField source="provincia" dest="text" />

  <copyField source="nombre_cumbre" dest="text" />
  <copyField source="nombre_puerto" dest="text" />
  <copyField source="altura" dest="text" />

  <copyField source="nombre_vertice_geodesico"  dest="text" />
  <copyField source="nombre_roi"  dest="text" />
  <copyField source="nombre_rap"  dest="text" />
  <copyField source="estado_rap"  dest="text" />

  <copyField source="nombre_rio_ruta" dest="text" />
  <copyField source="nombre_manantial" dest="text" />
  <copyField source="cuenca_manantial" dest="text" />

  <copyField source="nombre_fuente" dest="text" />
  <copyField source="tipo_fuente" dest="text" />
  <copyField source="cuenca_fuente" dest="text" />

  <copyField source="nombre_playa" dest="text" />
  <copyField source="longitud" dest="text" />
  <copyField source="ancho_medio" dest="text" />
  <copyField source="vegetacion_playa" dest="text" />
  <copyField source="paseo_marino_playa" dest="text" />
  <copyField source="acceso_minusvalidos" dest="text" />
  <copyField source="grado_urbano_playa" dest="text" />
  <copyField source="grado_ocupacion_playa" dest="text" />
  <copyField source="tipo_playa" dest="text" />

  <copyField source="tipo_actividad_extrac" dest="text" />
  <copyField source="nombre_georrecurso" dest="text" />

  <copyField source="nucleo_poblacion" dest="text" />
  <copyField source="nombre_poblamiento" dest="text" />
  <copyField source="nombre_edif_singular" dest="text" />
  <copyField source="nombre_espacio_productivo" dest="text" />  
  <copyField source="nombre_cade" dest="text" />  
  <copyField source="nombre_parque_tecnologico" dest="text" />
  <copyField source="nombre_area_logistica" dest="text" />  
  <copyField source="sector_area_logistica" dest="text" />  
  <copyField source="estado_area_logistica" dest="text" />

  <copyField source="nombre_aeropuerto" dest="text" />  
  <copyField source="nombre_faro" dest="text" />
  <copyField source="nombre_itv" dest="text" />
  <copyField source="nombre_estacion_tren" dest="text" />
  <copyField source="nombre_peaje" dest="text" />
  <copyField source="nombre_area_servicio" dest="text" />
  <copyField source="nombre_estacion_metro" dest="text" />

<!-- DERA G12 Infraestructuras hidráulicas  -->

  <copyField source="nombre_central_electrica" dest="text" />
  <copyField source="nombre_mina_energetica" dest="text" />
  <copyField source="nombre_parque_eolico" dest="text" />
  <copyField source="nombre_subestacion_electrica" dest="text" />
  <copyField source="nombre_embalse" dest="text" />
  <!--<copyField source="nombre_captacion" dest="text" />-->
  <copyField source="nombre_edar" dest="text" />
  <copyField source="propietario_edar" dest="text" />
  <copyField source="nombre_pf" dest="text" />

<!-- DERA G15 Patrimonio  -->
  <copyField source="nombre_patrimonio_inmueble" dest="text" />
  <copyField source="nombre_conjunto_historico" dest="text" />
  <copyField source="nombre_patrimonio" dest="text" />
  <copyField source="nombre_reca" dest="text" />
  <copyField source="nombre_cavidad" dest="text" />
  <copyField source="nombre_parque" dest="text" />
  <copyField source="nombre_geoparque" dest="text" />
  <copyField source="nombre_red_natura" dest="text" />
  <copyField source="nombre_reserva_biosfera" dest="text" />

  <copyField source="nombre_centro_salud" dest="text" />
  <copyField source="nombre_centro_hospitalario" dest="text" />
  <copyField source="nombre_centro_hospitalario2" dest="text" />
  <copyField source="nombre_equip_educativo" dest="text" />
  <copyField source="titularidad_centro" dest="text" />
  <copyField source="nombre_universidad" dest="text" />
  <copyField source="nombre_facultad" dest="text" />
  <copyField source="campus" dest="text" />
  <copyField source="universidad" dest="text" />
  <copyField source="nombre_campus_uni" dest="text" />
  <copyField source="nombre_biblioteca" dest="text" />
  <copyField source="tipo_biblioteca" dest="text" />
  <copyField source="nombre_observatorio_astro" dest="text" />
  <copyField source="nombre_ayuntamiento" dest="text" />
  <copyField source="nombre_organismo" dest="text" />
  <copyField source="nombre_oficina" dest="text" />
  <copyField source="nombre_oficina_correo" dest="text" />
  <copyField source="nombre_cementerio" dest="text" />
  <copyField source="nombre_edificio_religioso" dest="text" />
  <copyField source="nombre_cc" dest="text" />
  <copyField source="tipologia_cc" dest="text" />
  <copyField source="anyo_apertura" dest="text" />
  <copyField source="tipo_equipamiento" dest="text" />
  <copyField source="nombre_equipamiento" dest="text" />
  <copyField source="tipo_equipamiento_infoca" dest="text" />
  <copyField source="base_equipamiento_infoca" dest="text" />
  <copyField source="nombre_museo" dest="text" />
  <copyField source="nombre_alojamiento" dest="text" />
  <copyField source="nombre_parque_ocio" dest="text" />
  <copyField source="nombre_oficina_turismo" dest="text" />
  <copyField source="nombre_campo_golf" dest="text" />
  <copyField source="nombre_palacio_congreso" dest="text" />
  <copyField source="nombre_instalacion_deportiva" dest="text" />
  <copyField source="tipo_instalacion_deportiva" dest="text" />
  <copyField source="nombre_comisaria" dest="text" />
  <copyField source="tipo_comisaria" dest="text" />
  <copyField source="nombre_centro_penitenciario" dest="text" />
  <copyField source="nombre_parque_bomberos" dest="text" />
  <copyField source="nombre_zona_militar" dest="text" />
  <copyField source="nombre_barrio"    dest="text" />
  <copyField source="distrito_barrio"  dest="text" />
  <copyField source="nombre_marisma"  dest="text" />
  <!-- ~~~~~~~~~~~~~~~~~~~~ DERA G10 Viario ~~~~~~~~~~~~~~~~~~~~ -->
  <copyField source="nombre_1_senderos" dest="text" />
  <copyField source="nombre_2_senderos" dest="text" />
  <copyField source="nombre_via_verde" dest="text" />
  <copyField source="trazado_via_verde" dest="text" />
  <copyField source="firme_via_verde" dest="text" />
  <copyField source="nombre_farmacia" dest="text" />


  <!-- CAMPOS DE AUTOCOMPLETADO -->
  <copyField source="nombre_cumbre" dest="nombre_autocompletar" />
  <copyField source="nombre_puerto" dest="nombre_autocompletar" />

  <copyField source="nombre_rio_ruta" dest="nombre_autocompletar" />

  <copyField source="nombre_vertice_geodesico" dest="nombre_autocompletar" />
  <copyField source="nombre_roi" dest="nombre_autocompletar" />
  <copyField source="nombre_rap" dest="nombre_autocompletar" />

<!--  <copyField source="nombre_manantial" dest="nombre_autocompletar" />-->
  <copyField source="nombre_marisma" dest="nombre_autocompletar" />

  <copyField source="nombre_playa" dest="nombre_autocompletar" />

  <copyField source="nombre_georrecurso" dest="nombre_autocompletar" />

  <copyField source="nucleo_poblacion" dest="nombre_autocompletar" />
  <copyField source="nombre_poblamiento" dest="nombre_autocompletar" />
  <copyField source="nombre_edif_singular" dest="nombre_autocompletar" />

  <copyField source="nombre_espacio_productivo" dest="nombre_autocompletar" />
  <copyField source="nombre_cade" dest="nombre_autocompletar" />
  <copyField source="nombre_parque_tecnologico" dest="nombre_autocompletar" />
  <copyField source="nombre_area_logistica" dest="nombre_autocompletar" />

  <copyField source="nombre_aeropuerto" dest="nombre_autocompletar" />
  <copyField source="nombre_faro" dest="nombre_autocompletar" />
  <copyField source="nombre_itv" dest="nombre_autocompletar" />
  <copyField source="nombre_estacion_tren" dest="nombre_autocompletar" />
  <copyField source="nombre_peaje" dest="nombre_autocompletar" />
  <copyField source="nombre_area_servicio" dest="nombre_autocompletar" />
  <copyField source="nombre_estacion_metro" dest="nombre_autocompletar" />
  <!-- ~~~~~~~~~~~~~~~~~~~~ DERA G10 Viario ~~~~~~~~~~~~~~~~~~~~ -->
  <copyField source="nombre_1_senderos" dest="nombre_autocompletar" />
  <copyField source="nombre_2_senderos" dest="nombre_autocompletar" />
  <copyField source="nombre_via_verde" dest="nombre_autocompletar" />

  <copyField source="nombre_central_electrica" dest="nombre_autocompletar" />
  <!--<copyField source="nombre_planta_termosolar" dest="nombre_autocompletar" />-->
  <copyField source="nombre_mina_energetica" dest="nombre_autocompletar" />
  <copyField source="nombre_parque_eolico" dest="nombre_autocompletar" />
  <copyField source="nombre_subestacion_electrica" dest="nombre_autocompletar" />

<!-- DERA G12 Infraestructuras hidráulicas  -->

  <copyField source="nombre_embalse" dest="nombre_autocompletar" />
  <!--<copyField source="nombre_captacion" dest="nombre_autocompletar" />-->
  <copyField source="nombre_edar" dest="nombre_autocompletar" />
  <copyField source="nombre_pf" dest="nombre_autocompletar" />

<!-- DERA G15 Patrimonio  -->

  <copyField source="nombre_patrimonio_inmueble" dest="nombre_autocompletar" />
  <copyField source="nombre_conjunto_historico" dest="nombre_autocompletar" />
  <copyField source="nombre_reca" dest="nombre_autocompletar" />
  <copyField source="nombre_patrimonio" dest="nombre_autocompletar" />
  <copyField source="nombre_cavidad" dest="nombre_autocompletar" />
  <copyField source="nombre_parque" dest="nombre_autocompletar" />
  <copyField source="nombre_enp" dest="nombre_autocompletar" />
  <copyField source="nombre_geoparque" dest="nombre_autocompletar" />
  <copyField source="nombre_red_natura" dest="nombre_autocompletar" />
  <copyField source="nombre_reserva_biosfera" dest="nombre_autocompletar" />

  <copyField source="nombre_centro_salud" dest="nombre_autocompletar" />
  <copyField source="nombre_centro_hospitalario" dest="nombre_autocompletar" />
  <copyField source="nombre_centro_hospitalario2" dest="nombre_autocompletar" />
  <copyField source="nombre_equip_educativo" dest="nombre_autocompletar" />
  <copyField source="nombre_universidad" dest="nombre_autocompletar" />
  <copyField source="nombre_facultad" dest="nombre_autocompletar" />
  <copyField source="nombre_campus_uni" dest="nombre_autocompletar" />
  <copyField source="nombre_biblioteca" dest="nombre_autocompletar" />
  <copyField source="nombre_observatorio_astro" dest="nombre_autocompletar" />
  <copyField source="nombre_ayuntamiento" dest="nombre_autocompletar" />
  <copyField source="nombre_organismo" dest="nombre_autocompletar" />
  <copyField source="nombre_oficina" dest="nombre_autocompletar" />
  <copyField source="nombre_oficina_correo" dest="nombre_autocompletar" />
  <copyField source="nombre_cementerio" dest="nombre_autocompletar" />
  <copyField source="nombre_edificio_religioso" dest="nombre_autocompletar" />
  <copyField source="nombre_cc" dest="nombre_autocompletar" />
  <copyField source="nombre_mercado" dest="nombre_autocompletar" />
  <copyField source="nombre_comercio_abierto" dest="nombre_autocompletar" />
  <copyField source="nombre_equipamiento" dest="nombre_autocompletar" />
  <copyField source="nombre_museo" dest="nombre_autocompletar" />
  <copyField source="nombre_alojamiento" dest="nombre_autocompletar" />
  <copyField source="nombre_parque_ocio" dest="nombre_autocompletar" />
  <copyField source="nombre_oficina_turismo" dest="nombre_autocompletar" />
  <copyField source="nombre_campo_golf" dest="nombre_autocompletar" />
  <copyField source="nombre_palacio_congreso" dest="nombre_autocompletar" />
  <copyField source="nombre_instalacion_deportiva" dest="nombre_autocompletar" />
  <copyField source="nombre_comisaria" dest="nombre_autocompletar" />
  <copyField source="nombre_centro_penitenciario" dest="nombre_autocompletar" />
  <copyField source="nombre_parque_bomberos" dest="nombre_autocompletar" />
  <copyField source="nombre_zona_militar" dest="nombre_autocompletar" />
  <copyField source="nombre_fuente" dest="nombre_autocompletar" />

    
  <!--
  
  <copyField source="nombre_cursos_fluviales" dest="text" />
  <copyField source="nombre_abrevadero" dest="text" />
  <copyField source="paraje_abrevadero" dest="text" />
  <copyField source="cuena_abrevadero" dest="text" />
  <copyField source="rio_abrevadero" dest="text" />
  <copyField source="procedencia_abrevadero" dest="text" />
  <copyField source="paradabus_nombre" dest="text" />
  <copyField source="paradabus_tipos" dest="text" />
  <copyField source="propietario_captacion" dest="text" />
  <copyField source="tipo_captacion" dest="text" />
  <copyField source="tipologia_estacion_tren" dest="text" />
  <copyField source="nombre_acuicultura" dest="text" />
  <copyField source="provincia_acuicultura" dest="text" />
  <copyField source="localidad_acuicultura" dest="text" />
  <copyField source="especies_acuicultura" dest="text" />
  <copyField source="lista_unesco" dest="text" />
  <copyField source="figura_enp" dest="text" />
  <copyField source="nombre_enp" dest="text" />
  <copyField source="zona_pepmf" dest="text" />
  <copyField source="codigo_entidad" dest="text" />  
  <copyField source="ubicacion_campo_golf" dest="text" />
  <copyField source="nombre_actividad" dest="text" />   
  <copyField source="matricula_carretera" dest="text" />
  <copyField source="denominacion_carretera" dest="text" />
  <copyField source="titular_carretera" dest="text" />
  <copyField source="jerarquia_carretera" dest="text" />
  <copyField source="tipo_carretera" dest="text" />
  <copyField source="tipo_ffcc" dest="text" />
  <copyField source="ancho_ffcc" dest="text" />
  <copyField source="situacion_ffcc" dest="text" />
  <copyField source="caracteris_ffcc" dest="text" />
  <copyField source="nombre_ffcc" dest="text" />
  <copyField source="denominaci_via_pec" dest="text" />
  <copyField source="provincia_via_pec" dest="text" />
  <copyField source="municipio_via_pec" dest="text" />
  <copyField source="tipo_via_via_pec" dest="text" />
  <copyField source="altitud" dest="text" />
  <copyField source="longitud" dest="text" />
  <copyField source="superficie_cc" dest="text" />
  <copyField source="anyo_apertura" dest="text" />
  <copyField source="numero_hoyos" dest="text" />
  <copyField source="area_zona_militar" dest="text" />
  <copyField source="longitud_carretera" dest="text" />
  <copyField source="longitud_ffcc" dest="text" />
  <copyField source="electrific_ffcc" dest="text" />-->
 
 <!-- ================================================================ -->
 <!--                         FIELDS TYPES                              -->
 <!-- ================================================================ -->
  <types>
   <!-- The StrField type is not analyzed, but indexed/stored verbatim. -->
  <fieldType name="string" class="solr.StrField" sortMissingLast="true" />
  <fieldType name="boolean" class="solr.BoolField" sortMissingLast="true" />
  <fieldType name="int" class="solr.TrieIntField" precisionStep="0" positionIncrementGap="0" />
  <fieldType name="float" class="solr.TrieFloatField" precisionStep="0" positionIncrementGap="0" />
  <fieldType name="long" class="solr.TrieLongField" precisionStep="0" positionIncrementGap="0" />
  <fieldType name="double" class="solr.TrieDoubleField" precisionStep="0" positionIncrementGap="0" />
  <fieldType name="tint" class="solr.TrieIntField" precisionStep="8" positionIncrementGap="0" />
  <fieldType name="tfloat" class="solr.TrieFloatField" precisionStep="8" positionIncrementGap="0" />
  <fieldType name="tlong" class="solr.TrieLongField" precisionStep="8" positionIncrementGap="0" />
  <fieldType name="tdouble" class="solr.TrieDoubleField" precisionStep="8" positionIncrementGap="0" />
  <fieldType name="date" class="solr.TrieDateField" precisionStep="0" positionIncrementGap="0" />
  <fieldType name="tdate" class="solr.TrieDateField" precisionStep="6" positionIncrementGap="0" />
  <fieldtype name="binary" class="solr.BinaryField" />
  <fieldType name="pint" class="solr.IntField" />
  <fieldType name="plong" class="solr.LongField" />
  <fieldType name="pfloat" class="solr.FloatField" />
  <fieldType name="pdouble" class="solr.DoubleField" />
  <fieldType name="pdate" class="solr.DateField" sortMissingLast="true" />

  <fieldType name="random" class="solr.RandomSortField" indexed="true" />

  <!-- ~~~~~~~~~~~~~~~~~~~ SPATIAL ~~~~~~~~~~~~~~~~~~~ -->
  <fieldType name="spatial" class="solr.TextField" />

  <!-- ~~~~~~~~~~~~~~~~~~~ UID ~~~~~~~~~~~~~~~~~~~ -->
  <fieldType name="uuid" class="solr.UUIDField" indexed="true" />
 
  <!-- ~~~~~~~~~~~~~~~~~~~ TEXTO ~~~~~~~~~~~~~~~~~~~ -->
 <fieldType name="texto" class="solr.TextField" positionIncrementGap="100">
      <analyzer type="index">
        <charFilter class="solr.MappingCharFilterFactory" mapping="mapping-ISOLatin1Accent.txt"/>
        <filter class="solr.LowerCaseFilterFactory"/>
        <filter class="solr.ASCIIFoldingFilterFactory"/>
        <filter class="solr.StopFilterFactory" words="stopwords.txt" ignoreCase="true" format="snowball"/>
        <tokenizer class="solr.StandardTokenizerFactory"/>
        <filter class="solr.SnowballPorterFilterFactory" language="Spanish"/>
        <filter class="solr.EdgeNGramFilterFactory" minGramSize="3" maxGramSize="60" side="front"/>
        <filter class="solr.TrimFilterFactory" />
        <filter class="solr.RemoveDuplicatesTokenFilterFactory" />
      </analyzer>
      <analyzer type="query">
        <charFilter class="solr.MappingCharFilterFactory" mapping="mapping-ISOLatin1Accent.txt"/>
        <filter class="solr.LowerCaseFilterFactory"/>
        <filter class="solr.ASCIIFoldingFilterFactory"/>
        <filter class="solr.StopFilterFactory" words="stopwords.txt" ignoreCase="true" format="snowball"/>
        <tokenizer class="solr.StandardTokenizerFactory"/>
        <filter class="solr.TrimFilterFactory" />
        <filter class="solr.SnowballPorterFilterFactory" language="Spanish"/>
        <filter class="solr.RemoveDuplicatesTokenFilterFactory" />
      </analyzer>
 </fieldType>

 <!-- Tipo AUTOCOMPLETAR -->
    <fieldType class="solr.TextField" name="text_auto">
     <analyzer>
      <tokenizer class="solr.KeywordTokenizerFactory"/>
      <filter class="solr.LowerCaseFilterFactory"/>
     </analyzer>
    </fieldType>
 <!-- Fin tipo AUTOCOMPLETAR -->

 <!-- ~~~~~~~~~~~~~~~~~~~ TEXTO sin ngramas~~~~~~~~~~~~~~~~~~~ -->
 <fieldType name="texto_sin" class="solr.TextField" positionIncrementGap="100">
      <analyzer type="index">
        <charFilter class="solr.MappingCharFilterFactory" mapping="mapping-ISOLatin1Accent.txt"/>
        <filter class="solr.LowerCaseFilterFactory"/>
        <filter class="solr.ASCIIFoldingFilterFactory"/>
        <filter class="solr.StopFilterFactory" words="stopwords.txt" ignoreCase="true" format="snowball"/>
        <tokenizer class="solr.StandardTokenizerFactory"/>
        <!--<filter class="solr.SnowballPorterFilterFactory" language="Spanish"/>-->
        <!--<filter class="solr.EdgeNGramFilterFactory" minGramSize="3" maxGramSize="60" side="front"/>-->
        <!--<filter class="solr.TrimFilterFactory" />-->
        <!--<filter class="solr.RemoveDuplicatesTokenFilterFactory" />-->
      </analyzer>
      <analyzer type="query">
        <charFilter class="solr.MappingCharFilterFactory" mapping="mapping-ISOLatin1Accent.txt"/>
        <filter class="solr.LowerCaseFilterFactory"/>
        <filter class="solr.ASCIIFoldingFilterFactory"/>
        <filter class="solr.StopFilterFactory" words="stopwords.txt" ignoreCase="true" format="snowball"/>
        <tokenizer class="solr.StandardTokenizerFactory"/>
        <!--<filter class="solr.TrimFilterFactory" />-->
        <!--<filter class="solr.SnowballPorterFilterFactory" language="Spanish"/>-->
        <!--<filter class="solr.RemoveDuplicatesTokenFilterFactory" />-->
      </analyzer>
 </fieldType>
 </types>
 
 <!-- ================================================================ -->
 <!--                          SIMILARITY                              -->
 <!-- ================================================================ -->
 <similarity class="es.juntadeandalucia.geosearch.similarity.DisableIDFSimilarity"/>

</schema>