<?xml version="1.0" encoding="ISO-8859-1"?>
<init>
    <globales>


	<global nombre="Tipologia" descripcion="Tipologia" tipo="LISTA" ayuda="Selección de tipo" >
		<elemento nombre="Microsoft PREMIER" valor="Microsoft PREMIER"/>
		<elemento nombre="Activacion de licencias" valor="Activacion de licencias"/>
		<elemento nombre="Otros" valor="Otros"/>
	</global>

	<global nombre="Numero de usuarios afectados" descripcion="Numero de usuarios afectados" tipo="ENTERO" tam="10" valor_inicial="" ayuda="Numero de usuarios afectados" />

	<global nombre="Producto afectado" descripcion="Producto afectado" tipo="LISTA" ayuda="Seleccion de producto" filtra="_valorDeCampo('Tipologia')" >
		<casofiltra nombre="Microsoft PREMIER">
			<elemento nombre="Windows 7 Professional" valor="Windows 7 Professional"/>
			<elemento nombre="Windows 7 Enterprise" valor="Windows 7 Enterprise"/>
			<elemento nombre="Windows 8 Professional" valor="Windows 8 Professional"/>
			<elemento nombre="Windows 8 Enterprise" valor="Windows 8 Enterprise"/>
			<elemento nombre="Windows 8.1 Professional" valor="Windows 8.1 Professional"/>
			<elemento nombre="Windows 8.1 Enterprise" valor="Windows 8.1 Enterprise"/>
			<elemento nombre="Windows Server 2003 Standard" valor="Windows Server 2003 Standard"/>
			<elemento nombre="Windows Server 2003 Enterprise" valor="Windows Server 2003 Enterprise"/>
			<elemento nombre="Windows Server 2003 Datacenter" valor="Windows Server 2003 Datacenter"/>
			<elemento nombre="Windows Server 2003 R2 Standard" valor="Windows Server 2003 R2 Standard"/>
			<elemento nombre="Windows Server 2003 R2 Enterprise" valor="Windows Server 2003 R2 Enterprise"/>
			<elemento nombre="Windows Server 2003 R2 Datacenter" valor="Windows Server 2003 R2 Datacenter"/>
			<elemento nombre="Windows Server 2008 Standard" valor="Windows Server 2008 Standard"/>
			<elemento nombre="Windows Server 2008 Enterprise" valor="Windows Server 2008 Enterprise"/>
			<elemento nombre="Windows Server 2008 Datacenter" valor="Windows Server 2008 Datacenter"/>
			<elemento nombre="Windows Server 2008 R2 Standard" valor="Windows Server 2008 R2 Standard"/>
			<elemento nombre="Windows Server 2008 R2 Enterprise" valor="Windows Server 2008 R2 Enterprise"/>
			<elemento nombre="Windows Server 2008 R2 Datacenter" valor="Windows Server 2008 R2 Datacenter"/>
			<elemento nombre="Windows Server 2012 Standard" valor="Windows Server 2012 Standard"/>
			<elemento nombre="Windows Server 2012 Enterprise (Datacenter)" valor="Windows Server 2012 Enterprise (Datacenter)"/>
			<elemento nombre="Windows Server 2012 R2 Standard" valor="Windows Server 2012 R2 Standard"/>
			<elemento nombre="Windows Server 2012 R2 Enterprise (Datacenter)" valor="Windows Server 2012 R2 Enterprise (Datacenter)"/>
			<elemento nombre="Windows Server Updates Services" valor="Windows Server Updates Services"/>
			<elemento nombre="SQL Server 2005 Express Edition" valor="SQL Server 2005 Express Edition"/>
			<elemento nombre="SQL Server 2005 Standard Edition" valor="SQL Server 2005 Standard Edition"/>
			<elemento nombre="SQL Server 2005 Enterprise Edition" valor="SQL Server 2005 Enterprise Edition"/>
			<elemento nombre="SQL Server 2008 Express" valor="SQL Server 2008 Express"/>
			<elemento nombre="SQL Server 2008 Standard" valor="SQL Server 2008 Standard"/>
			<elemento nombre="SQL Server 2008 Enterprise" valor="SQL Server 2008 Enterprise"/>
			<elemento nombre="SQL Server 2008 R2 Express" valor="SQL Server 2008 R2 Express"/>
			<elemento nombre="SQL Server 2008 R2 Standard" valor="SQL Server 2008 R2 Standard"/>
			<elemento nombre="SQL Server 2008 R2 Enterprise" valor="SQL Server 2008 R2 Enterprise"/>
			<elemento nombre="SQL Server 2008 R2 Datacenter" valor="SQL Server 2008 R2 Datacenter"/>
			<elemento nombre="SQL Server 2012 Express" valor="SQL Server 2012 Express"/>
			<elemento nombre="SQL Server 2012 Standard" valor="SQL Server 2012 Standard"/>
			<elemento nombre="SQL Server 2012 Enterprise" valor="SQL Server 2012 Enterprise"/>
			<elemento nombre="SQL Server 2014 Express" valor="SQL Server 2014 Express"/>
			<elemento nombre="SQL Server 2014 Standard" valor="SQL Server 2014 Standard"/>
			<elemento nombre="SQL Server 2014 Enterprise" valor="SQL Server 2014 Enterprise"/>
			<elemento nombre="Office 2007 Standard" valor="Office 2007 Standard"/>
			<elemento nombre="Office 2007 Professional" valor="Office 2007 Professional"/>
			<elemento nombre="Office 2010 Standard" valor="Office 2010 Standard"/>
			<elemento nombre="Office 2010 Professional" valor="Office 2010 Professional"/>
			<elemento nombre="Office 2013 Standard" valor="Office 2013 Standard"/>
			<elemento nombre="Office 2013 Professional" valor="Office 2013 Professional"/>
			<elemento nombre="Otros" valor="Otros"/>
		</casofiltra>
		<casofiltra nombre="Activacion de licencias">
			<elemento nombre="Windows 7 Professional" valor="Windows 7 Professional"/>
			<elemento nombre="Windows 7 Enterprise" valor="Windows 7 Enterprise"/>
			<elemento nombre="Windows 8 Professional" valor="Windows 8 Professional"/>
			<elemento nombre="Windows 8 Enterprise" valor="Windows 8 Enterprise"/>
			<elemento nombre="Windows 8.1 Professional" valor="Windows 8.1 Professional"/>
			<elemento nombre="Windows 8.1 Enterprise" valor="Windows 8.1 Enterprise"/>
			<elemento nombre="Windows Server 2008 Standard" valor="Windows Server 2008 Standard"/>
			<elemento nombre="Windows Server 2008 Enterprise" valor="Windows Server 2008 Enterprise"/>
			<elemento nombre="Windows Server 2008 R2 Standard" valor="Windows Server 2008 R2 Standard"/>
			<elemento nombre="Windows Server 2008 R2 Enterprise" valor="Windows Server 2008 R2 Enterprise"/>
			<elemento nombre="Windows Server 2012 Standard" valor="Windows Server 2012 Standard"/>
			<elemento nombre="Windows Server 2012 Enterprise (Datacenter)" valor="Windows Server 2012 Enterprise (Datacenter)"/>
			<elemento nombre="Windows Server 2012 R2 Standard" valor="Windows Server 2012 R2 Standard"/>
			<elemento nombre="Windows Server 2012 R2 Enterprise (Datacenter)" valor="Windows Server 2012 R2 Enterprise (Datacenter)"/>
			<elemento nombre="Office 2010 Standard" valor="Office 2010 Standard"/>
			<elemento nombre="Office 2010 Professional" valor="Office 2010 Professional"/>
			<elemento nombre="Office 2013 Standard" valor="Office 2013 Standard"/>
			<elemento nombre="Office 2013 Professional" valor="Office 2013 Professional"/>
		</casofiltra>
		<casofiltra nombre="Otros">
			<elemento nombre="No aplica" valor="No aplica"/>
		</casofiltra>
	</global>

	<global nombre="Clasificacion de urgencia" descripcion="Clasificacion de urgencia" tipo="LISTA" ayuda="Selección de urgencia" >
		<elemento nombre="A (maxima urgencia)" valor="A (maxima urgencia)"/>
		<elemento nombre="B (urgencia media)" valor="B (urgencia media)"/>
		<elemento nombre="C (urgencia baja)" valor="C (urgencia baja)"/>
	</global>

	<global nombre="Numero de incidencia en Microsoft" descripcion="Numero de incidencia en Microsoft" tipo="ENTERO" tam="20" valor_inicial="" ayuda="Numero de incidencia" />


	<global nombre="Numero de minutos en Microsoft" descripcion="Numero de minutos en Microsoft" tipo="ENTERO" tam="20" valor_inicial="" ayuda="Numero de minutos" />
    </globales>
    <fases>
        <fase nombre="SDK_WFGEN_REGISTRO_DATOS">
            <tarea nombre="SDK_WFGEN_REGISTRO_DATOS">	
			<campo nombre="Tipologia" obligatorio="true" calcula="Producto afectado"/>
			<campo nombre="Producto afectado" obligatorio="true"/>
			<campo nombre="Numero de usuarios afectados" obligatorio="true"/>
	    </tarea>
        </fase>

	<fase nombre="INC_SCM_V1_N1">
			<tarea nombre="SOPORTE PREMIER">
				<campo nombre="Clasificacion de urgencia" obligatorio="true" />
				<campo nombre="Numero de incidencia en Microsoft" obligatorio="true" />
 			</tarea>
	</fase>			
	<fase nombre="INC_SCM_V1_N4">
			<tarea nombre="INFORMACION CIERRE MSOFT">
				<campo nombre="Numero de minutos en Microsoft" obligatorio="true" />
 			</tarea>
	</fase>			
    </fases>
</init>
