<?xml version='1.0' encoding='ISO-8859-15' ?>
<!--Generado desde Model@ v2.1.1-->
<DEF_PROCEDIMIENTO id="3" nombre="INC_SCM_V6" descripcion="INCIDENCIA ESTANDAR MICROSOFT 2 NIVELES" sistema="NAOSMIG" version="1.0.0" informar="N" vigente="S" categoria="P">
<PERFILES_USUARIO>
<PERFIL_USUARIO id="176" nombre="OPERADOR" descripcion="OPERADOR"/>
<PERFIL_USUARIO id="41" nombre="INCSCMV1" descripcion="TECNICO INCIDENCIA MICROSOFT V1"/>
</PERFILES_USUARIO>
<BLOQUES>
<BLOQUE id="1664" nombre="INFORMACION CIERRE MICROSOFT" descripcion="INFORMACION CIERRE MICROSOFT" tipo="O" informar="N"></BLOQUE>
<BLOQUE id="516" nombre="SOPORTE PREMIER" descripcion="SOPORTE PREMIER" tipo="O" informar="N"></BLOQUE>
</BLOQUES>
<TAREAS>
<TAREA id="1" nombre="INFORMACION CIERRE MICROSOFT" descripcion="INFORMACION CIERRE MICROSOFT" tipo="OTROS" tipodoc_bloque_id="1664"/>
<TAREA id="2" nombre="SOPORTE PREMIER" descripcion="SOPORTE PREMIER" tipo="OTROS" tipodoc_bloque_id="516"/>
</TAREAS>
<METAFASES>
<METAFASE id="11" nombre="SDK_WFESP_RESOLUCION" descripcion="METAFASE RESOLUCION" informar="N">
<FASES>
<FASE id="7" nombre="INC_SCM_V1_N1" descripcion="EVALUACION Y RESPUESTA" informar="N"></FASE>
<FASE id="903" nombre="INC_SCM_V1_N2" descripcion="EVALUACION Y RESPUESTA DP" informar="N"></FASE>
<FASE id="1350" nombre="INC_SCM_V1_N3" descripcion="PENDIENTE DE MICROSOFT" informar="N"></FASE>
<FASE id="1860" nombre="INC_SCM_V1_N4" descripcion="RESUELTO POR MICROSOFT" informar="N"></FASE>
</FASES>
</METAFASE>
</METAFASES>
<TRANSICIONES>
<TRANSICION id="15" etiqueta="RESOLUCION" descripcion="REGISTRO" tipo="I" valida="S" informar="N" etiq_larga="SDK_WFGEN_RESOLUCION">
<FASES_FIN>
<FASE_ID id="7"/>
</FASES_FIN>
<PERMISOS_TRAMITACION>
<PERFIL_TRANSICION perfil_id="176" permiso="A"/>
</PERMISOS_TRAMITACION></TRANSICION>
<TRANSICION id="20" etiqueta="FRESOLUCION" descripcion="CIERRE" tipo="F" valida="S" informar="N" etiq_larga="SDK_WFGEN_FRESOLUCION">
<FASE_INI>
<FASE_ID id="7"/>
</FASE_INI>
<PERMISOS_TRAMITACION>
<PERFIL_TRANSICION perfil_id="41" permiso="A"/>
</PERMISOS_TRAMITACION></TRANSICION>
<TRANSICION id="918" etiqueta="INCSCMV1T1" descripcion="ESCALAR" tipo="N" valida="S" informar="N" etiq_larga="ESCALAR">
<FASE_INI>
<FASE_ID id="7"/>
</FASE_INI>
<FASES_FIN>
<FASE_ID id="903"/>
</FASES_FIN>
<PERMISOS_TRAMITACION>
<PERFIL_TRANSICION perfil_id="41" permiso="A"/>
</PERMISOS_TRAMITACION></TRANSICION>
<TRANSICION id="1290" etiqueta="INCSCMV1T2" descripcion="RESPUESTA" tipo="N" valida="S" informar="N" etiq_larga="RESPUESTA">
<FASE_INI>
<FASE_ID id="903"/>
</FASE_INI>
<FASES_FIN>
<FASE_ID id="7"/>
</FASES_FIN>
<PERMISOS_TRAMITACION>
<PERFIL_TRANSICION perfil_id="41" permiso="A"/>
</PERMISOS_TRAMITACION></TRANSICION>
<TRANSICION id="1353" etiqueta="INCSCMV1T3" descripcion="PENDIENTE DE MICROSOFT" tipo="N" valida="S" informar="N" etiq_larga="PENDIENTE DE MICROSOFT">
<FASE_INI>
<FASE_ID id="7"/>
</FASE_INI>
<FASES_FIN>
<FASE_ID id="1350"/>
</FASES_FIN>
<PERMISOS_TRAMITACION>
<PERFIL_TRANSICION perfil_id="41" permiso="A"/>
</PERMISOS_TRAMITACION></TRANSICION>
<TRANSICION id="1875" etiqueta="INCSCMV1T4" descripcion="A LA ESPERA DE INFO MSOFT" tipo="N" valida="S" informar="N" etiq_larga="A LA ESPERA DE INFO MSOFT">
<FASE_INI>
<FASE_ID id="1350"/>
</FASE_INI>
<FASES_FIN>
<FASE_ID id="1860"/>
</FASES_FIN>
<PERMISOS_TRAMITACION>
<PERFIL_TRANSICION perfil_id="41" permiso="A"/>
</PERMISOS_TRAMITACION></TRANSICION>
<TRANSICION id="1925" etiqueta="FRESOLUCION" descripcion="CIERRE" tipo="F" valida="S" informar="N" etiq_larga="SDK_WFGEN_FRESOLUCION">
<FASE_INI>
<FASE_ID id="1860"/>
</FASE_INI>
<PERMISOS_TRAMITACION>
<PERFIL_TRANSICION perfil_id="41" permiso="A"/>
</PERMISOS_TRAMITACION></TRANSICION>
</TRANSICIONES>
<TAREAS_FASE>
<TAREA_FASE id="1950" etiqueta="INFO_MSOFT" descripcion="INFORMACION CIERRE MSOFT" obligatoria="S" tarea_id="1" fase_id="1860" valida="S" informar="N" etiq_larga="INFORMACION CIERRE MSOFT">
<PERMISOS_TRAMITACION>
<PERFIL_TAREA perfil_id="41"/></PERMISOS_TRAMITACION>
</TAREA_FASE><TAREA_FASE id="1" etiqueta="SOP_PREMIER" descripcion="SOPORTE PREMIER" obligatoria="N" tarea_id="2" fase_id="7" valida="S" informar="N" etiq_larga="SOPORTE PREMIER">
<PERMISOS_TRAMITACION>
<PERFIL_TAREA perfil_id="41"/></PERMISOS_TRAMITACION>
</TAREA_FASE>
</TAREAS_FASE>
<DEFPROC_GR id="1" titulo="INCIDENCIA ESTANDAR MICROSOFT 2 NIVELES">
<GRAFICOS_METAFASE>
<METAFASE_GR id="13" metafase_id="11" xizq="0" yarr="0" ancho="50" alto="50" color_fondo="-1" color_texto="-16777216"></METAFASE_GR>
</GRAFICOS_METAFASE>
<GRAFICOS_EXTREMOS_TRANSICION>
<EXTREMOTRAN_GR id="14" tipo="FA" fase_id="7" xizq="395" yarr="300" ancho="301" alto="156"/>
<EXTREMOTRAN_GR id="17" tipo="I" fase_id="7" xizq="487" yarr="206" ancho="49" alto="42"/>
<EXTREMOTRAN_GR id="22" tipo="F" fase_id="7" xizq="231" yarr="389" ancho="44" alto="35"/>
<EXTREMOTRAN_GR id="905" tipo="FA" fase_id="903" xizq="392" yarr="514" ancho="303" alto="136"/>
<EXTREMOTRAN_GR id="1352" tipo="FA" fase_id="1350" xizq="849" yarr="305" ancho="191" alto="132"/>
<EXTREMOTRAN_GR id="1862" tipo="FA" fase_id="1860" xizq="1151" yarr="297" ancho="247" alto="124"/>
<EXTREMOTRAN_GR id="1927" tipo="F" fase_id="1860" xizq="1214" yarr="213" ancho="24" alto="30"/>
</GRAFICOS_EXTREMOS_TRANSICION>
<GRAFICOS_TRANSICION>
<TRANSICION_GR id="16" transicion_id="15" extremotran_ini="17" extremotran_fin="14" color_linea="-16777216" color_texto="-16777216">
<NODOS_TRANSICION>
<NODO_TRANGR id="2613" x="510" y="248" orden="0"/><NODO_TRANGR id="2614" x="508" y="300" orden="1"/>
</NODOS_TRANSICION>
</TRANSICION_GR>
<TRANSICION_GR id="21" transicion_id="20" extremotran_ini="14" extremotran_fin="22" color_linea="-16777216" color_texto="-16777216">
<NODOS_TRANSICION>
<NODO_TRANGR id="2615" x="395" y="426" orden="0"/><NODO_TRANGR id="2616" x="275" y="397" orden="1"/>
</NODOS_TRANSICION>
</TRANSICION_GR>
<TRANSICION_GR id="919" transicion_id="918" extremotran_ini="14" extremotran_fin="905" color_linea="-16777216" color_texto="-16777216">
<NODOS_TRANSICION>
<NODO_TRANGR id="2617" x="537" y="456" orden="0"/><NODO_TRANGR id="2618" x="537" y="514" orden="1"/>
</NODOS_TRANSICION>
</TRANSICION_GR>
<TRANSICION_GR id="1291" transicion_id="1290" extremotran_ini="905" extremotran_fin="14" color_linea="-16777216" color_texto="-16777216">
<NODOS_TRANSICION>
<NODO_TRANGR id="2619" x="641" y="514" orden="0"/><NODO_TRANGR id="2620" x="641" y="489" orden="1"/><NODO_TRANGR id="2621" x="640" y="456" orden="2"/>
</NODOS_TRANSICION>
</TRANSICION_GR>
<TRANSICION_GR id="1354" transicion_id="1353" extremotran_ini="14" extremotran_fin="1352" color_linea="-16777216" color_texto="-16777216">
<NODOS_TRANSICION>
<NODO_TRANGR id="2622" x="694" y="371" orden="0"/><NODO_TRANGR id="2623" x="849" y="369" orden="1"/>
</NODOS_TRANSICION>
</TRANSICION_GR>
<TRANSICION_GR id="1876" transicion_id="1875" extremotran_ini="1352" extremotran_fin="1862" color_linea="-16777216" color_texto="-16777216">
<NODOS_TRANSICION>
<NODO_TRANGR id="2624" x="1026" y="360" orden="0"/><NODO_TRANGR id="2625" x="1155" y="361" orden="1"/>
</NODOS_TRANSICION>
</TRANSICION_GR>
<TRANSICION_GR id="1926" transicion_id="1925" extremotran_ini="1862" extremotran_fin="1927" color_linea="-16777216" color_texto="-16777216">
<NODOS_TRANSICION>
<NODO_TRANGR id="2626" x="1214" y="302" orden="0"/><NODO_TRANGR id="2627" x="1213" y="228" orden="1"/>
</NODOS_TRANSICION>
</TRANSICION_GR>
</GRAFICOS_TRANSICION>
</DEFPROC_GR>
</DEF_PROCEDIMIENTO>
