<?xml version="1.0" encoding="ISO-8859-1"?>
<init>
    <globales>
	<global nombre="Tipo de solicitud sobre el acceso" descripcion="Tipo de solicitud sobre el acceso" tipo="LISTA" ayuda="Seleccion la respuesta" >
		<elemento nombre="Alta" valor="Alta"/>
		<elemento nombre="Baja" valor="Baja"/>
		<elemento nombre="Modificacion" valor="Modificacion"/>
		<elemento nombre="Mixto" valor="Mixto"/>
	</global>

    </globales>
    <fases>
        <fase nombre="SDK_WFGEN_REGISTRO_DATOS">
            <tarea nombre="SDK_WFGEN_REGISTRO_DATOS">
		<campo nombre="Tipo de solicitud sobre el acceso" obligatorio="true" />
	    </tarea>
        </fase>
    </fases>
</init>
