<?xml version='1.0' encoding='ISO-8859-15' ?>
<!--Generado desde Model@ v2.1.1-->
<DEF_PROCEDIMIENTO id="3" nombre="ACC_2NSPT" descripcion="SOLICITAR ACCESO 2 NIVELES SIN PENDIENTE DE TERCER" sistema="NAOSMIG" version="1.0.0" informar="N" descrip_ampliada="SOLICITAR ACCESO 2 NIVELES SIN PENDIENTE DE TERCEROS" vigente="S" categoria="P">
<PERFILES_USUARIO>
<PERFIL_USUARIO id="176" nombre="OPERADOR" descripcion="OPERADOR"/>
<PERFIL_USUARIO id="41" nombre="ACC_2NSPT" descripcion="TECNICO SOLICITAR ACCESO 2 NIVELES SIN PENDIENTE DE TERCEROS"/>
</PERFILES_USUARIO>
<METAFASES>
<METAFASE id="11" nombre="SDK_WFESP_RESOLUCION" descripcion="METAFASE RESOLUCION" informar="N">
<FASES>
<FASE id="7" nombre="ACC_2NSPT_F1" descripcion="ATENCION Y RESPUESTA INICIAL" informar="N"></FASE>
<FASE id="959" nombre="ACC_2NSPT_F2" descripcion="EVALUACION Y RESPUESTA DIRECCION" informar="N"></FASE>
</FASES>
</METAFASE>
</METAFASES>
<TRANSICIONES>
<TRANSICION id="15" etiqueta="RESOLUCION" descripcion="REGISTRO" tipo="I" valida="S" informar="N" etiq_larga="SDK_WFGEN_RESOLUCION">
<FASES_FIN>
<FASE_ID id="7"/>
</FASES_FIN>
<PERMISOS_TRAMITACION>
<PERFIL_TRANSICION perfil_id="176" permiso="A"/>
</PERMISOS_TRAMITACION></TRANSICION>
<TRANSICION id="20" etiqueta="FRESOLUCION" descripcion="CIERRE" tipo="F" valida="S" informar="N" etiq_larga="SDK_WFGEN_FRESOLUCION">
<FASE_INI>
<FASE_ID id="7"/>
</FASE_INI>
<PERMISOS_TRAMITACION>
<PERFIL_TRANSICION perfil_id="41" permiso="A"/>
</PERMISOS_TRAMITACION></TRANSICION>
<TRANSICION id="977" etiqueta="ACC_2NSPTT1" descripcion="ESCALADO" tipo="N" valida="S" informar="N" etiq_larga="ESCALADO">
<FASE_INI>
<FASE_ID id="7"/>
</FASE_INI>
<FASES_FIN>
<FASE_ID id="959"/>
</FASES_FIN>
<PERMISOS_TRAMITACION>
<PERFIL_TRANSICION perfil_id="41" permiso="A"/>
</PERMISOS_TRAMITACION></TRANSICION>
<TRANSICION id="985" etiqueta="ACC_2NSPTT2" descripcion="RESPUESTA" tipo="N" valida="S" informar="N" etiq_larga="RESPUESTA">
<FASE_INI>
<FASE_ID id="959"/>
</FASE_INI>
<FASES_FIN>
<FASE_ID id="7"/>
</FASES_FIN>
<PERMISOS_TRAMITACION>
<PERFIL_TRANSICION perfil_id="41" permiso="A"/>
</PERMISOS_TRAMITACION></TRANSICION>
<TRANSICION id="1024" etiqueta="FRESOLUCION" descripcion="CIERRE" tipo="F" valida="S" informar="N" etiq_larga="SDK_WFGEN_FRESOLUCION">
<FASE_INI>
<FASE_ID id="959"/>
</FASE_INI>
<PERMISOS_TRAMITACION>
<PERFIL_TRANSICION perfil_id="41" permiso="A"/>
</PERMISOS_TRAMITACION></TRANSICION>
</TRANSICIONES>
<DEFPROC_GR id="1" titulo="SOLICITAR ACCESO 2 NIVELES SIN PENDIENTE DE TERCEROS">
<GRAFICOS_METAFASE>
<METAFASE_GR id="13" metafase_id="11" xizq="0" yarr="0" ancho="50" alto="50" color_fondo="-1" color_texto="-16777216"></METAFASE_GR>
</GRAFICOS_METAFASE>
<GRAFICOS_EXTREMOS_TRANSICION>
<EXTREMOTRAN_GR id="14" tipo="FA" fase_id="7" xizq="85" yarr="126" ancho="297" alto="156"/>
<EXTREMOTRAN_GR id="17" tipo="I" fase_id="7" xizq="227" yarr="14" ancho="49" alto="42"/>
<EXTREMOTRAN_GR id="22" tipo="F" fase_id="7" xizq="213" yarr="604" ancho="44" alto="35"/>
<EXTREMOTRAN_GR id="961" tipo="FA" fase_id="959" xizq="397" yarr="484" ancho="223" alto="110"/>
<EXTREMOTRAN_GR id="1026" tipo="F" fase_id="959" xizq="542" yarr="603" ancho="24" alto="30"/>
</GRAFICOS_EXTREMOS_TRANSICION>
<GRAFICOS_TRANSICION>
<TRANSICION_GR id="16" transicion_id="15" extremotran_ini="17" extremotran_fin="14" color_linea="-16777216" color_texto="-16777216">
<NODOS_TRANSICION>
<NODO_TRANGR id="2145" x="250" y="56" orden="0"/><NODO_TRANGR id="2146" x="206" y="126" orden="1"/>
</NODOS_TRANSICION>
</TRANSICION_GR>
<TRANSICION_GR id="21" transicion_id="20" extremotran_ini="14" extremotran_fin="22" color_linea="-16777216" color_texto="-16777216">
<NODOS_TRANSICION>
<NODO_TRANGR id="2147" x="157" y="282" orden="0"/><NODO_TRANGR id="2148" x="232" y="604" orden="1"/>
</NODOS_TRANSICION>
</TRANSICION_GR>
<TRANSICION_GR id="978" transicion_id="977" extremotran_ini="14" extremotran_fin="961" color_linea="-16777216" color_texto="-16777216">
<NODOS_TRANSICION>
<NODO_TRANGR id="2149" x="325" y="282" orden="0"/><NODO_TRANGR id="2150" x="451" y="489" orden="1"/>
</NODOS_TRANSICION>
</TRANSICION_GR>
<TRANSICION_GR id="986" transicion_id="985" extremotran_ini="961" extremotran_fin="14" color_linea="-16777216" color_texto="-16777216">
<NODOS_TRANSICION>
<NODO_TRANGR id="2151" x="521" y="489" orden="0"/><NODO_TRANGR id="2152" x="380" y="281" orden="1"/>
</NODOS_TRANSICION>
</TRANSICION_GR>
<TRANSICION_GR id="1025" transicion_id="1024" extremotran_ini="961" extremotran_fin="1026" color_linea="-16777216" color_texto="-16777216">
<NODOS_TRANSICION>
<NODO_TRANGR id="2153" x="543" y="581" orden="0"/><NODO_TRANGR id="2154" x="542" y="603" orden="1"/>
</NODOS_TRANSICION>
</TRANSICION_GR>
</GRAFICOS_TRANSICION>
</DEFPROC_GR>
</DEF_PROCEDIMIENTO>
