<!-- Licensed to the Apache Software Foundation (ASF) under one or more contributor
	license agreements. See the NOTICE file distributed with this work for additional
	information regarding copyright ownership. The ASF licenses this file to
	You under the Apache License, Version 2.0 (the "License"); you may not use
	this file except in compliance with the License. You may obtain a copy of
	the License at http://www.apache.org/licenses/LICENSE-2.0 Unless required
	by applicable law or agreed to in writing, software distributed under the
	License is distributed on an "AS IS" BASIS, WITHOUT WARRANTIES OR CONDITIONS
	OF ANY KIND, either express or implied. See the License for the specific
	language governing permissions and limitations under the License. -->

<dataConfig>
	<!-- ================================================== -->
	<!-- SOURCE = DERA						-->
	<!-- ================================================== -->

	<!-- ================================================== -->
	<!--                     SERVICES                       -->
	<!-- ================================================== -->
	<dataSource name="dea100" type="es.juntadeandalucia.geosearch.datasource.WFSDataSource"
		baseUrl="http://www.ideandalucia.es/dea100/wfs?"
		encoding="UTF-8" connectionTimeout="5000" readTimeout="10000" />

	<!-- DERA G01 Relieve -->
        <dataSource name="dera_relieve" type="es.juntadeandalucia.geosearch.datasource.WFSDataSource"
		baseUrl="http://www.ideandalucia.es/services/dera_relieve/wfs?"
		encoding="UTF-8" connectionTimeout="5000" readTimeout="10000" />

	<!-- DERA G02 Infraestructura geográfica -->
        <dataSource name="dera__infraestructura_geografica" type="es.juntadeandalucia.geosearch.datasource.WFSDataSource"
		baseUrl="http://www.ideandalucia.es/services/dera_infraestructura_geografica/wfs?"
		encoding="UTF-8" connectionTimeout="5000" readTimeout="10000" />

	<!-- DERA G03 Hidrografía -->
        <dataSource name="dera_hidrografia" type="es.juntadeandalucia.geosearch.datasource.WFSDataSource"
		baseUrl="http://www.ideandalucia.es/services/dera_hidrografia/wfs?"
		encoding="UTF-8" connectionTimeout="10000" readTimeout="10000" />

	<!-- DERA G04 Medio físico -->
        <dataSource name="dera_medio_fisico" type="es.juntadeandalucia.geosearch.datasource.WFSDataSource"
		baseUrl="http://www.ideandalucia.es/services/dera_medio_fisico/wfs?"
		encoding="UTF-8" connectionTimeout="5000" readTimeout="10000" />

	<!-- DERA G05 Medio marino -->
        <dataSource name="dera_medio_marino" type="es.juntadeandalucia.geosearch.datasource.WFSDataSource"
		baseUrl="http://www.ideandalucia.es/services/dera_medio_marino/wfs?"
		encoding="UTF-8" connectionTimeout="5000" readTimeout="10000" />

	<!-- DERA G06 Usos del suelo -->
        <dataSource name="dera_usos_suelo" type="es.juntadeandalucia.geosearch.datasource.WFSDataSource"
		baseUrl="http://www.ideandalucia.es/services/dera_usos_suelo/wfs?"
		encoding="UTF-8" connectionTimeout="5000" readTimeout="10000" />

	<!-- DERA G07 Sistema urbano -->
        <dataSource name="dera_sistema_urbano" type="es.juntadeandalucia.geosearch.datasource.WFSDataSource"
		baseUrl="http://www.ideandalucia.es/services/dera_sistema_urbano/wfs?"
		encoding="UTF-8" connectionTimeout="10000" readTimeout="10000" />

	<!-- DERA G08 Tejido económico-productivo -->
        <dataSource name="dera_tejido_ep" type="es.juntadeandalucia.geosearch.datasource.WFSDataSource"
		baseUrl="http://www.ideandalucia.es/services/dera_tejido_ep/wfs?"
		encoding="UTF-8" connectionTimeout="5000" readTimeout="10000" />

	<!-- DERA G09 Infraestructuras de transportes -->
        <dataSource name="dera_infra_transporte" type="es.juntadeandalucia.geosearch.datasource.WFSDataSource"
		baseUrl="http://www.ideandalucia.es/services/dera_infra_transporte/wfs?"
		encoding="UTF-8" connectionTimeout="5000" readTimeout="10000" />

	<!-- DERA G10 Viario -->
        <dataSource name="dera_viario" type="es.juntadeandalucia.geosearch.datasource.WFSDataSource"
		baseUrl="http://www.ideandalucia.es/services/dera_viario/wfs?"
		encoding="UTF-8" connectionTimeout="5000" readTimeout="10000" />

	<!-- DERA G11 Infraestructuras energéticas -->
        <dataSource name="dera_infra_energeticas" type="es.juntadeandalucia.geosearch.datasource.WFSDataSource"
		baseUrl="http://www.ideandalucia.es/services/dera_infra_energeticas/wfs?"
		encoding="UTF-8" connectionTimeout="5000" readTimeout="10000" />

	<!-- DERA G12 Infraestructuras hidráulicas -->
        <dataSource name="dera_infra_hidraulicas" type="es.juntadeandalucia.geosearch.datasource.WFSDataSource"
		baseUrl="http://www.ideandalucia.es/services/dera_infra_hidraulicas/wfs?"
		encoding="UTF-8" connectionTimeout="5000" readTimeout="10000" />

	<!-- DERA G13 Infraestructuras de comunicaciones -->
        <dataSource name="dera_infra_comunicaciones" type="es.juntadeandalucia.geosearch.datasource.WFSDataSource"
		baseUrl="http://www.ideandalucia.es/services/dera_infra_comunicaciones/wfs?"
		encoding="UTF-8" connectionTimeout="5000" readTimeout="10000" />

	<!-- DERA G14 Instalaciones de tratamiento de residuos sólidos urbanos -->
        <dataSource name="dera_rsu" type="es.juntadeandalucia.geosearch.datasource.WFSDataSource"
		baseUrl="http://www.ideandalucia.es/services/dera_rsu/wfs?"
		encoding="UTF-8" connectionTimeout="5000" readTimeout="10000" />

	<!-- DERA G15 Patrimonio -->
        <dataSource name="dera_patrimonio" type="es.juntadeandalucia.geosearch.datasource.WFSDataSource"
		baseUrl="http://www.ideandalucia.es/services/dera_patrimonio/wfs?"
		encoding="UTF-8" connectionTimeout="5000" readTimeout="10000" />

	<!-- DERA G16 Servicios -->
        <dataSource name="dera_servicios" type="es.juntadeandalucia.geosearch.datasource.WFSDataSource"
		baseUrl="http://www.ideandalucia.es/services/dera_servicios/wfs?"
		encoding="UTF-8" connectionTimeout="5000" readTimeout="10000" />

	<!-- DERA G17 Divisiones administrativas -->
        <dataSource name="dera_div_admin" type="es.juntadeandalucia.geosearch.datasource.WFSDataSource"
		baseUrl="http://www.ideandalucia.es/services/dera_div_admin/wfs?"
		encoding="UTF-8" connectionTimeout="5000" readTimeout="10000" />

	<!-- DERA G18 Toponimia -->
        <dataSource name="dera_toponimia" type="es.juntadeandalucia.geosearch.datasource.WFSDataSource"
		baseUrl="http://www.ideandalucia.es/services/dera_toponimia/wfs?"
		encoding="UTF-8" connectionTimeout="5000" readTimeout="10000" />

	<!-- DERA G19 Contexto España -->
        <dataSource name="dera_ctx_espana" type="es.juntadeandalucia.geosearch.datasource.WFSDataSource"
		baseUrl="http://www.ideandalucia.es/services/dera_ctx_espana/wfs?"
		encoding="UTF-8" connectionTimeout="5000" readTimeout="10000" />

	<!-- DERA G20 Mundo -->
        <dataSource name="dera_mundo" type="es.juntadeandalucia.geosearch.datasource.WFSDataSource"
		baseUrl="http://www.ideandalucia.es/services/dera_mundo/wfs?"
		encoding="UTF-8" connectionTimeout="5000" readTimeout="10000" />

        <!-- ================================================== -->
	<!-- SOURCE = CONOCE TUS FUENTES				-->
	<!-- ================================================== -->

        <dataSource name="wfs_fuentesymanantiales" type="es.juntadeandalucia.geosearch.datasource.WFSDataSource"
		baseUrl="http://www.juntadeandalucia.es/institutodeestadisticaycartografia/geoserver-ieca/conocetusfuentes/wfs?"
		encoding="UTF-8" connectionTimeout="15000" readTimeout="15000" />


	<!-- ================================================== -->
	<!--                     ENTITIES                       -->
	<!-- ================================================== -->
	<document>

		<!-- ====================================== DERA G01 Relieve ============================= -->
		<!-- CUMBRES -->

		<entity name="g01_cumbres" dataSource="dera_relieve" typename="dera_relieve:rl01_cumbre"
			version="1.0.0" srs="EPSG:25830" geometricField="the_geom"
			transformer="es.juntadeandalucia.geosearch.transforms.WFSTransform,TemplateTransformer"
			keywords="cumbres montaña">
			<field name="nombre_cumbre" column="nombre" />
			<field name="altura" column="altura" />
			<field name="nombre_municipio" column="municipio" />
			<field name="nombre_provincia" column="provincia" />
		</entity>
		
		<!-- PUERTOS DE MONTAÑA -->
		<entity name="g01_puertos_montana" dataSource="dera_relieve" typename="dera_relieve:rl02_ptomont"
			version="1.0.0" srs="EPSG:25830" geometricField="the_geom"
			transformer="es.juntadeandalucia.geosearch.transforms.WFSTransform,TemplateTransformer"
			keywords="montaña">
			<field name="nombre_puerto" column="nombre" />
			<field name="altura" column="altura" />
                        <field column="key2" template="puerto" />
		</entity>



		<!-- =========================== DERA G02 Infraestructura geográfica ===================== -->
		<!-- VERTICES GEODESICOS RED REGENTE -->		
		<entity name="g02_red_regente" dataSource="dera__infraestructura_geografica"
			typename="dera_infraestructura_geografica:ig01_regente"			
			transformer="es.juntadeandalucia.geosearch.transforms.WFSTransform,TemplateTransformer"
			version="1.0.0" srs="EPSG:25830" geometricField="the_geom"
			keywords="red;regente;vértice geodésico;vértice">
			<field name="nombre_vertice_geodesico" column="nombre" />
			<field name="cota_vertice" column="cota" />
			<field name="nombre_municipio" column="municipio" />
			<field name="nombre_provincia" column="provincia" />
		</entity>

		<!-- RAP DA ERRORES? -->		
		<entity name="g02_rap" dataSource="dera__infraestructura_geografica"
			typename="dera_infraestructura_geografica:ig02_rap"			
			transformer="es.juntadeandalucia.geosearch.transforms.WFSTransform,TemplateTransformer"
			version="1.0.0" srs="EPSG:25830" geometricField="the_geom"
			keywords="rap;red andaluza posicionamiento">
			<field name="nombre_rap" column="nombre" />
			<field name="estado_rap" column="estado" />
			<field name="nombre_municipio" column="municipio" />
			<field name="nombre_provincia" column="provincia" />
		</entity>

		<!-- VERTICES RED GEODESICA CONVENCIONAL ROI -->		
		<entity name="g02_roi" dataSource="dera__infraestructura_geografica"
			typename="dera_infraestructura_geografica:ig03_roi"			
			transformer="es.juntadeandalucia.geosearch.transforms.WFSTransform,TemplateTransformer"
			version="1.0.0" srs="EPSG:25830" geometricField="the_geom"
			keywords="vértices;red geodésica;convencional;ROI">
			<field name="nombre_roi" column="nombre" />
			<field name="cota_roi" column="cota" />
			<field name="nombre_municipio" column="municipio" />
			<field name="nombre_provincia" column="provincia" />
		</entity>


		<!-- ================ DERA G03 Hidrografía ===================================== -->

		<!-- RIO RUTA DA ERROR-->
		<entity name="g03_rio_ruta" dataSource="dera_hidrografia"
			typename="dera_hidrografia:hd01_2_rio_ruta"			
			transformer="es.juntadeandalucia.geosearch.transforms.WFSTransform,TemplateTransformer"
			version="1.0.0" srs="EPSG:25830" geometricField="the_geom"
			keywords="riachuelo;hidrografia;hidrologia;rambla;rio;cauce;arroyo;caño">
			<field name="nombre_rio_ruta" column="nombre" />
		</entity>
		<!-- PENDIENTE Manantiales -->
		<!--<entity name="g03_manantiales" dataSource="dera_hidrografia"
			typename="dera_hidrografia:hd04_manantial"			
			transformer="es.juntadeandalucia.geosearch.transforms.WFSTransform,TemplateTransformer"
			version="1.0.0" srs="EPSG:25830" geometricField="the_geom"
			keywords="riachuelo;hidrografia;hidrologia;rambla;rio;cauce;arroyo;caño">
			<field name="nombre_manantial" column="NOMBRE" />
			<field name="cuenca_manantial" column="CUENCA" />
			<field name="nombre_municipio" column="MUNICIPIO" />
			<field name="nombre_provincia" column="PROVINCIA" />
		</entity>-->
                <entity name="fuentesymanantiales" dataSource="wfs_fuentesymanantiales"
                        typename="conocetusfuentes:fuentesymanantiales"
			version="1.0.0" srs="EPSG:25830" geometricField="geom"
			transformer="es.juntadeandalucia.geosearch.transforms.WFSTransform,TemplateTransformer"
			keywords="fuentes">
			<field name="nombre_fuente" column="nombre" />
			<field name="nombre_municipio" column="municipio" />
			<field name="nombre_provincia" column="provincia" />
			<field name="tipo_fuente" column="tipo" />
			<field name="cuenca_fuente" column="cuenca" />
                        <field name="web_fuente" column="enlace_web" />
			<field name="foto_fuente" column="enlace_fot" />
		</entity>
		<!-- MARISMAS -->
		<!--<entity name="g03_marismas" dataSource="dera_hidrografia"
			typename="dera_hidrografia:hd05_marisma"			
			transformer="es.juntadeandalucia.geosearch.transforms.WFSTransform,TemplateTransformer"
			version="1.0.0" srs="EPSG:25830" geometricField="the_geom"
			keywords="marismas;albufera;salinas">
			<field name="nombre_marisma" column="nombre" />
			<field name="superficie" column="superficie" />
		</entity>-->


		<!-- =================== DERA G04 Medio físico ===================================== -->


		<!-- =================== DERA G05 Medio marino ===================================== -->

		<!-- PLAYAS -->
		<entity name="g05_playas" dataSource="dera_medio_marino"
			typename="dera_medio_marino:mm10_playa"
			transformer="es.juntadeandalucia.geosearch.transforms.WFSTransform,TemplateTransformer"
			version="1.0.0" srs="EPSG:25830" geometricField="the_geom"
			keywords="playa">
			<field name="nombre_playa" column="nombre" />
			<field name="longitud" column="longitud" />
			<field name="ancho_medio" column="ancho_medi" />
			<field name="vegetacion_playa" column="vegetacion" />
			<field name="grado_ocupacion_playa" column="grado_ocup" />
			<field name="paseo_marino_playa" column="paseomar" />
			<field name="acceso_minusvalidos" column="acc_minus" />
			<field name="grado_urbano_playa" column="grado_urb" />
			<field name="tipo_playa" column="tipo" />
		</entity>


		<!-- ================= DERA G06 Usos del suelo ===================================== -->
		<!-- GEORRECURSOS  -->
		<entity name="g06_georrecursos" dataSource="dera_usos_suelo"
			typename="dera_usos_suelo:us02_georrecurso"
			transformer="es.juntadeandalucia.geosearch.transforms.WFSTransform,TemplateTransformer"
			version="1.0.0" srs="EPSG:25830" geometricField="the_geom"
			keywords="georrecurso;geomorfología;contaminación;minería;energía;escombrera;gravera;metálica;cantera;salinas">	
			<field name="tipo_actividad_extrac" column="tipo" />
			<field name="supericie_explotada" column="superf_exp" />
			<field name="nombre_georrecurso" column="nombre" />			
		</entity>


		<!-- ===================== DERA G07 Sistema urbano ===================================== -->
		<!--  	NUCLEOS DE POBLACION -->
		<entity name="g07_nucleos_poblacion" dataSource="dera_sistema_urbano" 
			typename="dera_sistema_urbano:su01_nucleo_pol"			
			transformer="es.juntadeandalucia.geosearch.transforms.WFSTransform,TemplateTransformer" version="1.0.0"
			srs="EPSG:25830" geometricField="the_geom" 
			keywords="nucleo urbano;poblacion;casco;ciudad;pueblo">
		     <field name="nucleo_poblacion" column="nombre" />
		     <field name="nombre_municipio" column="municipio" />
		     <field name="tipo_nucleo" column="categoria" />
		     <field name="codigo_municipio" column="cod_mun" />	
		     <field name="pob_municipio_2013" column="pobnuc2013" />		
		</entity>

		<!-- POBLAMIENTO -->
		 <!-- 
		       A veces el servicio 100 da errores al indexar todos los features or read timeout, debido al alto numero de elementos
		       de esta capa. Para evitar eso, se puede especificar el atributo maxFeatures="5000" para limitar a 5000 el numero de features
		       devueltos por el servicio
		 -->
		<entity name="g07_poblamiento" dataSource="dera_sistema_urbano" 
			typename="dera_sistema_urbano:su03_poblamiento"			
			transformer="es.juntadeandalucia.geosearch.transforms.WFSTransform,TemplateTransformer" version="1.0.0"
			srs="EPSG:25830" geometricField="the_geom" 
			keywords="nucleo urbano;poblacion;casco;ciudad;pueblo"
			maxFeatures="5000">
		     <field name="nombre_poblamiento" column="nombre" />
		     <field name="nombre_municipio" column="municipio" />
		     <field name="tipo_poblamiento" column="tipo" />
		     <field name="codigo_municipio" column="cod_mun" />			
		</entity>
		<!-- EDIFICACIONES SINGULARES -->
		<entity name="g07_edif_sing" dataSource="dera_sistema_urbano"
			typename="dera_sistema_urbano:su06_ed_singular"			
			transformer="es.juntadeandalucia.geosearch.transforms.WFSTransform"
			version="1.0.0" srs="EPSG:25830" geometricField="the_geom"
			keywords="edificación;singular;casa;inmueble;edificio;rural;">			
			<field name="nombre_edif_singular" column="nombre" />
		</entity>


		<!-- ====================================== DERA G08 Tejido económico-productivo ===================================== -->
		<!-- ESPACIOS PRODUCTIVOS -->
		<entity name="g08_espacios_productivos" dataSource="dera_tejido_ep"
			typename="dera_tejido_ep:tep01_espacio_productivo"			
			transformer="es.juntadeandalucia.geosearch.transforms.WFSTransform,TemplateTransformer"
			version="1.0.0" srs="EPSG:25830" geometricField="the_geom"
			keywords="parque empresarial;">			
			<field name="nombre_espacio_productivo" column="nombre" />
			<field name="nombre_municipio" column="municipio" />
			<field name="estado" column="estado" />
			<field name="estado_det" column="estado_det" />
		</entity>
		<!-- CENTROS APOYO DESARROLLO EMPRESARIAL -->
		<entity name="g08_cade" dataSource="dera_tejido_ep"
			typename="dera_tejido_ep:tep02_cade"			
			transformer="es.juntadeandalucia.geosearch.transforms.WFSTransform,TemplateTransformer"
			version="1.0.0" srs="EPSG:25830" geometricField="the_geom"
			keywords="CADE;apoyo;empresarial;">			
			<field name="nombre_cade" column="nombre" />
			<field name="nombre_municipio" column="municipio" />
                        <field column="key2" template="centros" />
		</entity>
		<!-- ESPACIOS TECNOLOGICOS -->
		<entity name="g08_espacio_tecnologico" dataSource="dera_tejido_ep"
			typename="dera_tejido_ep:tep03_espacio_tecnologico"			
			transformer="es.juntadeandalucia.geosearch.transforms.WFSTransform,TemplateTransformer"
			version="1.0.0" srs="EPSG:25830" geometricField="the_geom"
			keywords="tecnologico;">			
			<field name="nombre_parque_tecnologico" column="denominaci" />
			<field name="tipo_parque_tecnologico" column="tipo" />
		</entity>
		<!-- CENTROS GUADALINFO -->
		<entity name="g08_centros_guadalinfo" dataSource="dera_tejido_ep"
			typename="dera_tejido_ep:tep04_guadalinfo"			
			transformer="es.juntadeandalucia.geosearch.transforms.WFSTransform,TemplateTransformer"
			version="1.0.0" srs="EPSG:25830" geometricField="the_geom"
			keywords="guadalinfo;">			
			<field name="nombre_municipio" column="municipio" />
                        <field column="key2" template="centros" />
		</entity>
		<!-- AREAS LOGÍSTICAS -->
		<entity name="g08_areas_logisticas" dataSource="dera_tejido_ep"
			typename="dera_tejido_ep:tep05_area_logistica"			
			transformer="es.juntadeandalucia.geosearch.transforms.WFSTransform,TemplateTransformer"
			version="1.0.0" srs="EPSG:25830" geometricField="the_geom"
			keywords="logistica;">			
			<field name="nombre_area_logistica" column="nombre" />
			<field name="sector_area_logistica" column="sector" />
			<field name="estado_area_logistica" column="estado" />
			<field name="nombre_municipio" column="municipio" />
			<field name="nombre_provincia" column="provincia" />
		</entity>

		<!-- ====================================== DERA G09 Infraestructuras de transportes ===================================== -->
		<!-- EL SERVICIO WFS TIENE UNO DE LOS DOS NODOS QUE DEVUELVE MAL EL ONLINE RESOURCE -->
		<!-- PUERTOS -->
		<entity name="g09_puertos" dataSource="dera_infra_transporte"
			typename="dera_infra_transporte:it01_puerto"
			transformer="es.juntadeandalucia.geosearch.transforms.WFSTransform,TemplateTransformer"
			version="1.0.0" srs="EPSG:25830" geometricField="the_geom"
			keywords="deportivo;vela;pantalán;embarcadero;atraque;pesquero;">			
			<field name="nombre_puerto" column="nombre" />
			<field name="puerto_pesquero" column="pesquero" />
			<field name="puerto_deportivo" column="deportivo" />
			<field name="puerto_comercial" column="comercial" />
			<field name="titularidad" column="titularida" />
			 <field name="gestion" column="gestion" />
                        <field column="key2" template="puerto" />			
		</entity>
		<!-- INSTALACIONES AERONAUTICAS -->
		<entity name="g09_instalaciones_aeronauticas" dataSource="dera_infra_transporte"
			typename="dera_infra_transporte:it02_aeropuerto"
			transformer="es.juntadeandalucia.geosearch.transforms.WFSTransform,TemplateTransformer"
			version="1.0.0" srs="EPSG:25830" geometricField="the_geom"
			keywords="aeródromo;aeropuerto;aviación">
			<field name="nombre_aeropuerto" column="nombre" />
		</entity>
		<!-- FAROS -->
		<entity name="g09_faros" dataSource="dera_infra_transporte"
			typename="dera_infra_transporte:it03_faro"
			transformer="es.juntadeandalucia.geosearch.transforms.WFSTransform,TemplateTransformer"
			version="1.0.0" srs="EPSG:25830" geometricField="the_geom"
			keywords="faro;faros">
			<field name="nombre_faro" column="nombre" />
			<field name="nombre_municipio" column="municipio" />
			<field name="nombre_provincia" column="provincia" />
		</entity>
		<!-- ESTACIONES DE AUTOBUSES -->
		<entity name="g09_estaciones_autobuses" dataSource="dera_infra_transporte"
			typename="dera_infra_transporte:it04_bus_estacion"
			transformer="es.juntadeandalucia.geosearch.transforms.WFSTransform,TemplateTransformer"
			version="1.0.0" srs="EPSG:25830" geometricField="the_geom"
			keywords="autobuses;autobús">
			<field name="direccion_estacion_autobus" column="direccion" />
			<field name="nombre_municipio" column="municipio" />
			<field name="tipo_estacion_autobus" column="tipo" />
                        <field column="key2" template="estacion" />
		</entity>
		<!-- PARADAS DE AUTOBUSES -->
		<entity name="g09_paradas_bus" dataSource="dera_infra_transporte"
			typename="dera_infra_transporte:it05_bus_parada"			
			transformer="es.juntadeandalucia.geosearch.transforms.WFSTransform,TemplateTransformer"
			version="1.0.0" srs="EPSG:25830" geometricField="the_geom"
			keywords="parada;bus;autobus;apeadero;transporte publico">			
			<field name="nombre_municipio" column="municipio" />
			<field name="nucleo_poblacion" column="nucleo" />
			<field name="direccion_parada_autobus" column="direccion" />
			<field name="ambito_parada" column="ambito" />
		</entity>
		<!-- ESTACIONES ITV -->
		<entity name="g09_itv" dataSource="dera_infra_transporte"
			typename="dera_infra_transporte:it06_itv"
			transformer="es.juntadeandalucia.geosearch.transforms.WFSTransform,TemplateTransformer"
			version="1.0.0" srs="EPSG:25830" geometricField="the_geom"
			keywords="inspeccion vehículo;itv">
			<field name="nombre_itv" column="nombre" />
                        <field column="key2" template="estacion" />
		</entity>
		<!-- ESTACIONES DE TRENES -->
		<entity name="g09_estaciones_tren" dataSource="dera_infra_transporte"
			typename="dera_infra_transporte:it07_tren_estacion"
			transformer="es.juntadeandalucia.geosearch.transforms.WFSTransform,TemplateTransformer"
			version="1.0.0" srs="EPSG:25830" geometricField="the_geom"
			keywords="transporte publico;ferrocarril;tren">
			<field name="nombre_estacion_tren" column="estacion" />
			<field name="tipo_estacion_tren" column="tipo" />
                        <field column="key2" template="estacion" />
		</entity>
		<!-- ESTACIONES DE PEAJE -->
		<entity name="g09_peajes_viarios" dataSource="dera_infra_transporte"
			typename="dera_infra_transporte:it08_peaje"
			transformer="es.juntadeandalucia.geosearch.transforms.WFSTransform,TemplateTransformer"
			version="1.0.0" srs="EPSG:25830" geometricField="the_geom"
			keywords="peaje">
			<field name="nombre_peaje" column="nombre" />
                        <field column="key2" template="estacion" />
		</entity>
		<!-- AREAS DE SERVICIO -->
		<entity name="g09_areas_servicio" dataSource="dera_infra_transporte"
			typename="dera_infra_transporte:it09_area_servicio"
			transformer="es.juntadeandalucia.geosearch.transforms.WFSTransform,TemplateTransformer"
			version="1.0.0" srs="EPSG:25830" geometricField="the_geom"
			keywords="área de servicio">
			<field name="nombre_area_servicio" column="nombre" />
		</entity>
		<!-- GASOLINERAS -->
		<entity name="g09_gasolineras" dataSource="dera_infra_transporte"
			typename="dera_infra_transporte:it10_gasolinera"
			transformer="es.juntadeandalucia.geosearch.transforms.WFSTransform,TemplateTransformer"
			version="1.0.0" srs="EPSG:25830" geometricField="the_geom"
			keywords="gasolinera">
			<field name="nombre_municipio" column="municipio" />
			<field name="biodiesel" column="biodiesel" />
		</entity>
		<!-- ESTACIONES DE METRO -->
		<entity name="g09_estaciones_metro" dataSource="dera_infra_transporte"
			typename="dera_infra_transporte:it12_estacion_metro"
			transformer="es.juntadeandalucia.geosearch.transforms.WFSTransform,TemplateTransformer"
			version="1.0.0" srs="EPSG:25830" geometricField="the_geom"
			keywords="parada;metro">
			<field name="nombre_municipio" column="area" />
			<field name="nombre_estacion_metro" column="nombre" />
			<field name="tipo_estacion_metro" column="tipo" />
			<field name="situacion" column="situacion" />
                        <field column="key2" template="estacion" />
		</entity>



		<!-- ====================================== DERA G10 Viario ===================================== -->
		<!-- VIAS PECUARIAS -->
		<!--<entity name="g10_vias_pecuarias" dataSource="dera_viario"
			typename="dera_viario:vc04_via_pecuaria"			
			transformer="es.juntadeandalucia.geosearch.transforms.WFSTransform,TemplateTransformer"
			version="1.0.0" srs="EPSG:25830" geometricField="the_geom"
			keywords="vías pecuarias;">			
			<field name="denominaci_via_pec" column="denominaci" />
			<field name="nombre_provincia" column="provincia" />
			<field name="nombre_municipio" column="municipio" />
			<field name="longitudve_via_pec" column="longitudap" />
			<field name="longitudap_via_pec" column="longitudve" />
			<field name="ancholegal_via_pec" column="ancholegal" />
			<field name="tipo_via_via_pec" column="tipo_via" />
		</entity>-->

		<!-- SENDEROS -->
		<entity name="g10_senderos" dataSource="dera_viario"
			typename="dera_viario:vc05_sendero"			
			transformer="es.juntadeandalucia.geosearch.transforms.WFSTransform,TemplateTransformer"
			version="1.0.0" srs="EPSG:25830" geometricField="the_geom"
			keywords="sendero;itinerario;ruta;">			
			<field name="nombre_1_senderos" column="nombre_1" />
			<field name="nombre_2_senderos" column="nombre_2" />
			<field name="longitud_senderos" column="longitud" />
                        <field column="key2" template="camino" />
		</entity>
		<!-- VIAS VERDES -->
		<entity name="g10_vias_verdes" dataSource="dera_viario"
			typename="dera_viario:vc06_via_verde"
			transformer="es.juntadeandalucia.geosearch.transforms.WFSTransform,TemplateTransformer"
			version="1.0.0" srs="EPSG:25830" geometricField="the_geom"
			keywords="verde;verdes;trayecto">
			<field name="nombre_via_verde" column="nombre" />
			<field name="nombre_municipio" column="municipios" />
			<field name="nombre_provincia" column="provincia" />
			<field name="trazado_via_verde" column="trazado" />
			<field name="longitud" column="longitud" />
			<field name="firme_via_verde" column="tipo_firme" />
			<field name="viandantes_via_verde" column="viandante" />
			<field name="minusvalidos_via_verde" column="minusvali" />
			<field name="ciclistas_via_verde" column="ciclistas" />
			<field name="ecuestre_via_verde" column="ecuestre" />
		</entity>

		<!-- ====================================== DERA G11 Infraestructuras energéticas ===================================== -->
		<!-- CENTRALES HIDROELECTRICAS -->
		<entity name="g11_centrales_hidroelectricas" dataSource="dera_infra_energeticas"
			typename="dera_infra_energeticas:ie01_elec_central"
			transformer="es.juntadeandalucia.geosearch.transforms.WFSTransform,TemplateTransformer"
			version="1.0.0" srs="EPSG:25830" geometricField="the_geom"
			keywords="eléctrica;eléctricas">
			<field name="nombre_central_electrica" column="nombre" />
			<field name="tecnologia" column="tecnologia" />
			<field name="potencia" column="potencia" />
			<field name="regimen" column="regimen" />
			<field name="rio" column="rio" />
		</entity>
		<!-- MINAS GENERACION ENERGETICA -->
		<entity name="g11_minas_generacion_energeticas" dataSource="dera_infra_energeticas"
			typename="dera_infra_energeticas:ie02_elec_mina"
			transformer="es.juntadeandalucia.geosearch.transforms.WFSTransform,TemplateTransformer"
			version="1.0.0" srs="EPSG:25830" geometricField="the_geom"
			keywords="mina energética">
			<field name="nombre_mina_energetica" column="nombre" />
		</entity>
		<!-- PARQUES EOLICOS -->
		<entity name="g11_parques_eolicos" dataSource="dera_infra_energeticas"
			typename="dera_infra_energeticas:ie03_elec_eolico"
			transformer="es.juntadeandalucia.geosearch.transforms.WFSTransform,TemplateTransformer"
			version="1.0.0" srs="EPSG:25830" geometricField="the_geom"
			keywords="eólico;">
			<field name="nombre_parque_eolico" column="nombre" />
			<field name="potencia" column="potencia" />
			<field name="estado" column="estado" />
		</entity>
		<!-- PLANTAS TERMOSOLARES - ELIMINADA EN V0.6-->
		<!--<entity name="g11_plantas_termosolares" dataSource="dera_infra_energeticas"
			typename="dera_infra_energeticas:ie04_elec_solar"
			transformer="es.juntadeandalucia.geosearch.transforms.WFSTransform,TemplateTransformer"
			version="1.0.0" srs="EPSG:25830" geometricField="the_geom"
			keywords="planta;termosolar;termosolares">
			<field name="nombre_planta_termosolar" column="nombre" />
			<field name="tecnologia" column="tecnologia" />
			<field name="potencia" column="potencia" />
			<field name="estado" column="estado" />
		</entity>-->
		<!-- SUBESTACIONES ELECTRICAS -->
		<entity name="g11_subestaciones_electricas" dataSource="dera_infra_energeticas"
			typename="dera_infra_energeticas:ie05_elec_subestacion"
			transformer="es.juntadeandalucia.geosearch.transforms.WFSTransform,TemplateTransformer"
			version="1.0.0" srs="EPSG:25830" geometricField="the_geom"
			keywords="eléctrica">
			<field name="nombre_subestacion_electrica" column="nombre" />
			<field name="tension" column="tension" />
                        <field column="key2" template="subestaciones" />
		</entity>


		<!-- ====================================== DERA G12 Infraestructuras hidráulicas ===================================== -->
		<!-- EMBALSES -->
		<entity name="g12_embalses" dataSource="dera_infra_hidraulicas"
			typename="dera_infra_hidraulicas:ih01_embalse"
			transformer="es.juntadeandalucia.geosearch.transforms.WFSTransform,TemplateTransformer"
			version="1.0.0" srs="EPSG:25830" geometricField="the_geom"
			keywords="embalse;pantano">
			<field name="nombre_embalse" column="nombre" />
			<field name="capacidad" column="capacidad" />
		</entity>
		<!-- CAPTACIONES - ELIMINADA EN V0.6 -->
		<!--<entity name="g12_captaciones" dataSource="dera_infra_hidraulicas"
			typename="dera_infra_hidraulicas:ih02_captacion"			
			transformer="es.juntadeandalucia.geosearch.transforms.WFSTransform,TemplateTransformer"
			version="1.0.0" srs="EPSG:25830" geometricField="the_geom"
			keywords="captación;agua;abastecimiento;pozo">			
			<field name="nombre_captacion" column="nombre" />
			<field name="tipo_captacion" column="tipo" />
			<field name="propietario_captacion" column="propietari" />
		</entity>-->
		<!-- EDAR -->
		<entity name="g12_edar" dataSource="dera_infra_hidraulicas"
			typename="dera_infra_hidraulicas:ih05_edar"			
			transformer="es.juntadeandalucia.geosearch.transforms.WFSTransform,TemplateTransformer"
			version="1.0.0" srs="EPSG:25830" geometricField="the_geom"
			keywords="edar;tratamiento urbano;aguas residuales">			
			<field name="nombre_edar" column="nombre" />
			<field name="propietario_edar" column="propietari" />
			<field name="situacion_edar" column="situacion" />
			<field name="destino_edar" column="destino" />
			<field name="procedencia_edar" column="procedenci" />
		</entity>
		<!-- PISCIFACTORIAS FLUVIALES -->
		<entity name="g12_pf" dataSource="dera_infra_hidraulicas"
			typename="dera_infra_hidraulicas:ih12_piscifactoria_fluvial"			
			transformer="es.juntadeandalucia.geosearch.transforms.WFSTransform,TemplateTransformer"
			version="1.0.0" srs="EPSG:25830" geometricField="the_geom"
			keywords="piscifactoría">			
			<field name="nombre_pf" column="nombre" />
			<field name="nombre_municipio" column="municipio" />
		</entity>


		<!-- ====================================== DERA G13 Infraestructuras de comunicaciones ===================================== -->


		<!-- ====================================== DERA G14 Instalaciones de tratamiento de residuos sólidos urbanos ====================== -->


		<!-- ====================================== DERA G15 Patrimonio ===================================== -->
		<!-- PATRIMONIO INMUEBLE -->
		<entity name="g15_patrimonio_inmueble" dataSource="dera_patrimonio"
			typename="dera_patrimonio:pt01_pat_inmueble"			
			transformer="es.juntadeandalucia.geosearch.transforms.WFSTransform,TemplateTransformer"
			version="1.0.0" srs="EPSG:25830" geometricField="the_geom"
			keywords="patrimonio;inmueble;arquitectura;etnología;bien;cultura;conjunto histórico">			
			<field name="nombre_patrimonio_inmueble" column="nombre" />
		</entity>
		<!-- CONJUNTOS HISTORICOS -->
		<entity name="g15_conjuntos_historicos" dataSource="dera_patrimonio"
			typename="dera_patrimonio:pt02_pat_conjunto"			
			transformer="es.juntadeandalucia.geosearch.transforms.WFSTransform,TemplateTransformer"
			version="1.0.0" srs="EPSG:25830" geometricField="the_geom"
			keywords="patrimonio;inmueble;arquitectura;etnología;bien;cultura;conjunto histórico">			
			<field name="nombre_conjunto_historico" column="nombre" />
		</entity>
		<!-- PATRIMONIO DE LA HUMANIDAD -->
		<entity name="g15_patrimonio_humanidad" dataSource="dera_patrimonio"
			typename="dera_patrimonio:pt03_pat_humanidad"
			transformer="es.juntadeandalucia.geosearch.transforms.WFSTransform,TemplateTransformer"
			version="1.0.0" srs="EPSG:25830" geometricField="the_geom"
			keywords="patrimonio;humanidad">
			<field name="nombre_patrimonio" column="nombre" />
			<field name="lista_unesco" column="nom_unesco" />
		</entity>
		<!-- ARECA -->
		<entity name="g15_reca" dataSource="dera_patrimonio"
			typename="dera_patrimonio:pt04_reca"
			transformer="es.juntadeandalucia.geosearch.transforms.WFSTransform,TemplateTransformer"
			version="1.0.0" srs="EPSG:25830" geometricField="the_geom"
			keywords="enclave;arqueológico;cultural;monumental">
			<field name="nombre_reca" column="denominac" />
			<field name="nombre_municipio" column="municipio" />
			<field name="nombre_provincia" column="provinica" />
			<field name="tipo_reca" column="tipo_espac" />
		</entity>
		<!-- CAVIDADES -->
		<entity name="g15_cavidades" dataSource="dera_patrimonio"
			typename="dera_patrimonio:pt05_cavidades"
			transformer="es.juntadeandalucia.geosearch.transforms.WFSTransform,TemplateTransformer"
			version="1.0.0" srs="EPSG:25830" geometricField="the_geom"
			keywords="cavidad;cueva;sima">
			<field name="nombre_cavidad" column="descrip" />
			<field name="paraje_cavidad" column="paraje" />
			<field name="profundidad" column="profundi" />
		</entity>
		<!-- PARQUES NATURALES -->
		<entity name="g15_parques_naturales" dataSource="dera_patrimonio"
			typename="dera_patrimonio:pt06_parque_natural"
			transformer="es.juntadeandalucia.geosearch.transforms.WFSTransform,TemplateTransformer"
			version="1.0.0" srs="EPSG:25830" geometricField="the_geom"
			keywords="parque natural;parque periurbano;paisaje">
			<field name="figura" column="figura" />
			<field name="nombre_parque" column="nombre" />
			<field name="superficie" column="superficie" />
		</entity>
		<!-- ENP -->
		<entity name="g15_enp" dataSource="dera_patrimonio"
			typename="dera_patrimonio:pt07_enp"
			transformer="es.juntadeandalucia.geosearch.transforms.WFSTransform,TemplateTransformer"
			version="1.0.0" srs="EPSG:25830" geometricField="the_geom"
			keywords="espacio natural;protegido;reserva;protección">
			<field name="figura" column="figura" />
			<field name="nombre_enp" column="nombre" />
			<field name="superficie" column="superficie" />
		</entity>
		<!-- GEOPARQUES -->
		<entity name="g15_geoparques" dataSource="dera_patrimonio"
			typename="dera_patrimonio:pt08_geoparque"
			transformer="es.juntadeandalucia.geosearch.transforms.WFSTransform,TemplateTransformer"
			version="1.0.0" srs="EPSG:25830" geometricField="the_geom"
			keywords="parque;geoparque">
			<field name="nombre_geoparque" column="nombre" />
		</entity>
		<!-- RED NATURA -->
		<entity name="g15_red_natura" dataSource="dera_patrimonio"
			typename="dera_patrimonio:pt09_red_natura"
			transformer="es.juntadeandalucia.geosearch.transforms.WFSTransform,TemplateTransformer"
			version="1.0.0" srs="EPSG:25830" geometricField="the_geom"
			keywords="red;natura;natural">
			<field name="nombre_red_natura" column="nombre" />
			<field name="superficie_red_natura" column="superficie" />
		</entity>
		<!-- RESERVA BIOSFERA -->
		<entity name="g15_reserva_biosfera" dataSource="dera_patrimonio"
			typename="dera_patrimonio:pt10_res_biosfer"
			transformer="es.juntadeandalucia.geosearch.transforms.WFSTransform,TemplateTransformer"
			version="1.0.0" srs="EPSG:25830" geometricField="the_geom"
			keywords="reserva;biosfera">
			<field name="nombre_reserva_biosfera" column="nombre" />
			<field name="superficie_reserva_biosfera" column="superficie" />
		</entity>

		<!-- ====================================== DERA G16 Servicios ===================================== -->
		<!-- CENTROS DE SALUD -->
		<entity name="g16_centros_salud" dataSource="dera_servicios"
			typename="dera_servicios:sv01_sanidad_centro_salud"
			transformer="es.juntadeandalucia.geosearch.transforms.WFSTransform,TemplateTransformer"
			version="1.0.0" srs="EPSG:25830" geometricField="the_geom"
			keywords="salud;consultorio;ambulatorio">
			<field name="nombre_centro_salud" column="nombre" />
			<field name="tipo_centro_salud" column="tipo_centr" />
			<field name="direccion_centro_salud" column="direccion_" />
			<field name="localidad_centro_salud" column="localidad" />
			<field name="nombre_municipio" column="municipio" />
			<field name="nombre_provincia" column="provincia" />
			<field name="distrito_centro_salud" column="distrito" />
                        <field column="key2" template="centros" />
		</entity>
		<!-- CENTROS HOSPITALARIOS -->
		<entity name="g16_centros_hospitalarios" dataSource="dera_servicios"
			typename="dera_servicios:sv02_sanidad_hospital"
			transformer="es.juntadeandalucia.geosearch.transforms.WFSTransform,TemplateTransformer"
			version="1.0.0" srs="EPSG:25830" geometricField="the_geom"
			keywords="hospitalario;hospitalarios">
			<field name="nombre_centro_hospitalario" column="nombre" />
			<field name="nombre_centro_hospitalario2" column="nombre2" />
                        <field column="key2" template="centros" />
		</entity>
		<!-- EQUIPAMIENTO EDUCATIVO -->
		<entity name="g16_centros_educativos" dataSource="dera_servicios"
			typename="dera_servicios:sv04_equip_educativo"			
			transformer="es.juntadeandalucia.geosearch.transforms.WFSTransform,TemplateTransformer"
			version="1.0.0" srs="EPSG:25830" geometricField="the_geom"
			keywords="ies;i.e.s.;colegio;educativo;educativos;instituto;educacion">			
			<field name="nombre_equip_educativo" column="nombre_cod" />
			<field name="tipo_equip_educativo" column="tipo" />			
			<field name="titularidad_centro" column="gestion" />
			<field name="nombre_provincia" column="provincia" />
			<field name="nombre_municipio" column="municipio" />
			<field name="nucleo_poblacion" column="localidad" />
                        <field column="key2" template="centros" />
		</entity>
		<!-- UNIVERSIDADES -->
		<entity name="g16_universidades" dataSource="dera_servicios"
			typename="dera_servicios:sv05_universidad"			
			transformer="es.juntadeandalucia.geosearch.transforms.WFSTransform,TemplateTransformer"
			version="1.0.0" srs="EPSG:25830" geometricField="the_geom"
			keywords="rectorado;">			
			<field name="nombre_universidad" column="nombre" />
			<field name="nombre_provincia" column="provincia" />
			<field name="nombre_municipio" column="municipio" />
                        <field column="key2" template="universidad" />
		</entity>
		<!-- FACULTADES -->
		<entity name="g16_facultades" dataSource="dera_servicios"
			typename="dera_servicios:sv06_facultad"			
			transformer="es.juntadeandalucia.geosearch.transforms.WFSTransform,TemplateTransformer"
			version="1.0.0" srs="EPSG:25830" geometricField="the_geom"
			keywords="facultad;">			
			<field name="nombre_facultad" column="nombre" />
			<field name="campus" column="campus" />
			<field name="universidad" column="universida" />
                        <field column="key2" template="universidad" />
		</entity>
		<!--  CAMPUS UNIVERSITARIOS -->
		<entity name="g16_campus_universitario" dataSource="dera_servicios"
			typename="dera_servicios:sv07_campus"
			transformer="es.juntadeandalucia.geosearch.transforms.WFSTransform,TemplateTransformer"
			version="1.0.0" srs="EPSG:25830" geometricField="the_geom"
			keywords="">
			<field name="nombre_campus_uni" column="nombre" />
			<field name="nombre_provincia" column="provincia" />
			<field name="nombre_municipio" column="municipio" />
                        <field column="key2" template="campus universitario" />
		</entity>
		<!-- ARCHIVOS Y BIBLIOTECAS -->
		<entity name="g16_bibliotecas" dataSource="dera_servicios"
			typename="dera_servicios:sv08_arch_biblioteca"
			transformer="es.juntadeandalucia.geosearch.transforms.WFSTransform,TemplateTransformer"
			version="1.0.0" srs="EPSG:25830" geometricField="the_geom"
			keywords="biblioteca">
			<field name="nombre_biblioteca" column="nombre_ins" />
			<field name="tipo_biblioteca" column="tipo" />
			<field name="nombre_municipio" column="municipio" />
		</entity>
		<!-- OBSERVATORIOS ASTRONOMICOS-->
		<entity name="g16_observatorios_astronomicos" dataSource="dera_servicios"
			typename="dera_servicios:sv09_astronomico"
			transformer="es.juntadeandalucia.geosearch.transforms.WFSTransform,TemplateTransformer"
			version="1.0.0" srs="EPSG:25830" geometricField="the_geom"
			keywords="observatorio;astronómico">
			<field name="nombre_observatorio_astro" column="nombre" />
			<field name="nombre_provincia" column="provincia" />
			<field name="nombre_municipio" column="municipio" />
		</entity>
		<!-- AYUNTAMIENTOS -->
		<entity name="g16_ayuntamientos" dataSource="dera_servicios"
			typename="dera_servicios:sv10_ayuntamiento"			
			transformer="es.juntadeandalucia.geosearch.transforms.WFSTransform,TemplateTransformer"
			version="1.0.0" srs="EPSG:25830" geometricField="the_geom"
			keywords="ayuntamiento;alcaldia;cabildo;concejo">			
			<field name="nombre_ayuntamiento" column="nombre" />
			<field name="nombre_municipio" column="municipio" />			
		</entity>
		<!-- JUZGADOS -->
		<entity name="g16_juzgados" dataSource="dera_servicios"
			typename="dera_servicios:sv11_juzgado"			
			transformer="es.juntadeandalucia.geosearch.transforms.WFSTransform,TemplateTransformer"
			version="1.0.0" srs="EPSG:25830" geometricField="the_geom"
			keywords="juzgado;audiencia;tribunal superior de justicia;decanato">			
			<field name="nombre_organismo" column="organismo" />
			<field name="nombre_municipio" column="municipio" />			
		</entity>
		<!-- OFICINAS DE EMPLEO	-->
		<entity name="g16_oficinas_empleo" dataSource="dera_servicios"
			typename="dera_servicios:sv12_sae" transformer="es.juntadeandalucia.geosearch.transforms.WFSTransform,TemplateTransformer"
			version="1.0.0" srs="EPSG:25830" geometricField="the_geom"
			keywords="insercion laboral;empleo">			
			<field name="nombre_oficina" column="nombre" />
			<field name="nombre_provincia" column="provincia" />
			<field name="nombre_municipio" column="municipio" />
                        <field column="key2" template="oficinas" />			
		</entity>
		<!-- OFICINAS DE CORREO	-->
		<entity name="g16_oficinas_correo" dataSource="dera_servicios"
			typename="dera_servicios:sv13_correos" transformer="es.juntadeandalucia.geosearch.transforms.WFSTransform,TemplateTransformer"
			version="1.0.0" srs="EPSG:25830" geometricField="the_geom"
			keywords="correo">			
			<field name="nombre_oficina_correo" column="nombre" />
			<field name="nombre_provincia" column="provincia" />
			<field name="nombre_municipio" column="municipio" />
                        <field column="key2" template="oficinas" />			
		</entity>
		<!-- FARMACIAS -->
		<entity name="g16_farmacias" dataSource="dera_servicios"
			typename="dera_servicios:sv14_farmacia" transformer="es.juntadeandalucia.geosearch.transforms.WFSTransform,TemplateTransformer,TemplateTransformer"
			version="1.0.0" srs="EPSG:25830" geometricField="the_geom"
			keywords="apoteca;botica">
                        <field column="nombre_farmacia" template="farmacia" />
			<field name="nombre_municipio" column="municipi" />			
		</entity>
		<!-- CEMENTERIOS -->
		<entity name="g16_cementerios" dataSource="dera_servicios"
			typename="dera_servicios:sv15_cementerio" transformer="es.juntadeandalucia.geosearch.transforms.WFSTransform,TemplateTransformer"
			version="1.0.0" srs="EPSG:25830" geometricField="the_geom"
			keywords="cementerio">
			<field name="nombre_cementerio" column="nombre" />			
			<field name="nombre_municipio" column="municipio" />			
		</entity>
		<!-- EDIFICIOS RELIGIOSOS -->
		<entity name="g16_edificios_religiosos" dataSource="dera_servicios"
			typename="dera_servicios:sv16_edif_religioso" transformer="es.juntadeandalucia.geosearch.transforms.WFSTransform,TemplateTransformer"
			version="1.0.0" srs="EPSG:25830" geometricField="the_geom"
			keywords="religioso;edificio;iglesia;ermita;parroquia;convento;capilla">
			<field name="nombre_edificio_religioso" column="nombre" />			
			<field name="nombre_municipio" column="municipio" />			
		</entity>
		<!-- GRAN COMERCIO -->
		<entity name="g16_gran_comercio" dataSource="dera_servicios"
			typename="dera_servicios:sv17_gran_comercio" transformer="es.juntadeandalucia.geosearch.transforms.WFSTransform,TemplateTransformer"
			version="1.0.0" srs="EPSG:25830" geometricField="the_geom"
			keywords="comercial;gran almacen;grandes almacenes;comercio;hipermercado;supermercado">			
			<field name="superficie_cc" column="sup_total" />
			<field name="nombre_cc" column="nombre" />
			<field name="tipologia_cc" column="tipologia" />
			<field name="anyo_apertura" column="aÑo_apertu" />
			<field name="nombre_municipio" column="municipio" />
			<field name="tipo_superficie" column="tipo_sup" />			
		</entity>
		<!-- ABASTO -->
		<entity name="g16_abasto" dataSource="dera_servicios"
			typename="dera_servicios:sv18_abasto" transformer="es.juntadeandalucia.geosearch.transforms.WFSTransform,TemplateTransformer"
			version="1.0.0" srs="EPSG:25830" geometricField="the_geom"
			keywords="abasto;mercado">			
			<field name="nombre_mercado" column="nombre" />
			<field name="nombre_provincia" column="provincia" />
			<field name="nombre_municipio" column="municipio" />			
		</entity>
		<!-- COMERCIO ABIERTO -->
		<entity name="g16_comercio_abierto" dataSource="dera_servicios"
			typename="dera_servicios:sv19_comercio_abierto" transformer="es.juntadeandalucia.geosearch.transforms.WFSTransform,TemplateTransformer"
			version="1.0.0" srs="EPSG:25830" geometricField="the_geom"
			keywords="comercio;abierto">			
			<field name="nombre_comercio_abierto" column="nombre" />	
		</entity>
		<!-- EQUIPAMIENTO DE LA NATURALEZA -->
		<entity name="g16_equipamiento_naturaleza" dataSource="dera_servicios"
			typename="dera_servicios:sv20_equip_naturaleza"
			transformer="es.juntadeandalucia.geosearch.transforms.WFSTransform,TemplateTransformer"
			version="1.0.0" srs="EPSG:25830" geometricField="the_geom"
			keywords="area acampada;area recreativa;jardin botanico;servicio guiado;sendero;ecomuseo;casa rural;mirador">
			<field name="tipo_equipamiento" column="tipo_equip" />
			<field name="nombre_equipamiento" column="nombre" />
			<field name="nombre_provincia" column="provincia" />
			<field name="nombre_municipio" column="municipio" />	
		</entity>
		<!-- EQUIPAMIENTO INFOCA -->
		<entity name="g16_equipamiento_infoca" dataSource="dera_servicios"
			typename="dera_servicios:sv21_equip_infoca"
			transformer="es.juntadeandalucia.geosearch.transforms.WFSTransform,TemplateTransformer"
			version="1.0.0" srs="EPSG:25830" geometricField="the_geom"
			keywords="infoca;puesto vigilancia">
			<field name="tipo_equipamiento_infoca" column="tipo" />
			<field name="nombre_provincia" column="provincia" />
			<field name="base_equipamiento_infoca" column="base" />	
		</entity>
		<!-- MUSEOS -->
		<entity name="g16_museos" dataSource="dera_servicios"
			typename="dera_servicios:sv22_museo"
			transformer="es.juntadeandalucia.geosearch.transforms.WFSTransform,TemplateTransformer"
			version="1.0.0" srs="EPSG:25830" geometricField="the_geom"
			keywords="museo;arte contemporaneo;arte moderno;galeria;exposicion">
			<field name="nombre_museo" column="nomb_mus" />
			<field name="nombre_provincia" column="provincia" />
			<field name="nombre_municipio" column="municipio" />
		</entity>
		<!-- ALOJAMIENTOS -->
		<entity name="g16_alojamientos_turisticos" dataSource="dera_servicios"
			typename="dera_servicios:sv23_alojamiento"
			transformer="es.juntadeandalucia.geosearch.transforms.WFSTransform,TemplateTransformer"
			version="1.0.0" srs="EPSG:25830" geometricField="the_geom"
			keywords="parador;albergue;alojamiento;balneario;villa turistica">
			<field name="nombre_alojamiento" column="nombre" />
			<field name="nombre_provincia" column="provincia" />
			<field name="nombre_municipio" column="municipio" />
                        <field column="key2" template="campamento" />
		</entity>
		<!-- ESTABLECIMIENTOS DE OCIO -->
		<entity name="g16_parques_ocio" dataSource="dera_servicios"
			typename="dera_servicios:sv24_ocio"
			transformer="es.juntadeandalucia.geosearch.transforms.WFSTransform,TemplateTransformer"
			version="1.0.0" srs="EPSG:25830" geometricField="the_geom"
			keywords="acuario;jardin botanico;parque acuatico;parque atracciones;zoologico;zoo">
			<field name="nombre_parque_ocio" column="nombre" />
			<field name="nombre_provincia" column="provincia" />
			<field name="nombre_municipio" column="municipio" />
		</entity>
		<!-- OFICINA DE TURISMO	-->
		<entity name="g16_oficinas_turismo" dataSource="dera_servicios"
			typename="dera_servicios:sv25_oficina_turismo"
			transformer="es.juntadeandalucia.geosearch.transforms.WFSTransform,TemplateTransformer"
			version="1.0.0" srs="EPSG:25830" geometricField="the_geom"
			keywords="turismo;informacion turistica">
			<field name="nombre_oficina_turismo" column="nombre" />
			<field name="nombre_municipio" column="municipio" />
                        <field column="key2" template="oficinas" />
		</entity>
		<!-- CAMPOS DE GOLF -->
		<entity name="g16_campos_golf" dataSource="dera_servicios"
			typename="dera_servicios:sv26_golf"
			transformer="es.juntadeandalucia.geosearch.transforms.WFSTransform,TemplateTransformer"
			version="1.0.0" srs="EPSG:25830" geometricField="the_geom"
			keywords="golf">
			<field name="nombre_campo_golf" column="nombre" />
			<field name="nombre_municipio" column="municipio" />
                        <field column="key2" template="campo" />
		</entity>
		<!-- PALACIOS DE CONGRESOS -->
		<entity name="g16_palacios_congresos" dataSource="dera_servicios"
			typename="dera_servicios:sv27_pal_congreso"
			transformer="es.juntadeandalucia.geosearch.transforms.WFSTransform,TemplateTransformer"
			version="1.0.0" srs="EPSG:25830" geometricField="the_geom"
			keywords="palacio de ferias;palacio de exposiciones;palacio de congresos">
			<field name="nombre_palacio_congreso" column="nombre" />
			<field name="nombre_provincia" column="provincia" />
			<field name="nombre_municipio" column="municipio" />
		</entity>
		<!-- EQUIPAMIENTOS DEPORTIVOS -->
		<entity name="g16_instalaciones_deportivas" dataSource="dera_servicios"
			typename="dera_servicios:sv28_equip_deportivo"			
			transformer="es.juntadeandalucia.geosearch.transforms.WFSTransform,TemplateTransformer"
			version="1.0.0" srs="EPSG:25830" geometricField="the_geom"
			keywords="plaza de toro;piscina;futbol;pista de nieve;ecuestre;polideportivo">			
			<field name="nombre_instalacion_deportiva" column="nombre" />
			<field name="tipo_instalacion_deportiva" column="tipo" />
			<field name="nombre_provincia" column="provincia" />
			<field name="nombre_municipio" column="municipio" />
                        <field column="key2" template="campo" />
		</entity>
		<!-- POLICIA -->
		<entity name="g16_policia" dataSource="dera_servicios"
			typename="dera_servicios:sv29_policia"			
			transformer="es.juntadeandalucia.geosearch.transforms.WFSTransform,TemplateTransformer"
			version="1.0.0" srs="EPSG:25830" geometricField="the_geom"
			keywords="comisaría;jefatura;">			
			<field name="nombre_comisaria" column="nombre" />
			<field name="tipo_comisaria" column="tipo" />
		</entity>
		<!-- CENTROS PENITENCIARIOS -->
		<entity name="g16_centros_penitenciarios" dataSource="dera_servicios"
			typename="dera_servicios:sv30_prision"			
			transformer="es.juntadeandalucia.geosearch.transforms.WFSTransform,TemplateTransformer"
			version="1.0.0" srs="EPSG:25830" geometricField="the_geom"
			keywords="penitenciario;prisión;CIS">			
			<field name="nombre_centro_penitenciario" column="nombre" />
			<field name="nombre_provincia" column="provincia" />
			<field name="nombre_municipio" column="municipio" />
                        <field column="key2" template="centros" />			
		</entity>
		<!-- PARQUE BOMBEROS -->
		<entity name="g16_parque_bomberos" dataSource="dera_servicios"
			typename="dera_servicios:sv31_parque_bombero"			
			transformer="es.juntadeandalucia.geosearch.transforms.WFSTransform,TemplateTransformer"
			version="1.0.0" srs="EPSG:25830" geometricField="the_geom"
			keywords="parque de bomberos;incendios">			
			<field name="nombre_parque_bomberos" column="nom_parque" />
			<field name="nombre_provincia" column="provincia" />
			<field name="nombre_municipio" column="municipio" />			
		</entity>
		<!-- ESTABLECIMIENTOS MILITARES -->
		<entity name="g16_zonas_militares" dataSource="dera_servicios"
			typename="dera_servicios:sv32_militar"			
			transformer="es.juntadeandalucia.geosearch.transforms.WFSTransform,TemplateTransformer"
			version="1.0.0" srs="EPSG:25830" geometricField="the_geom"
			keywords="zona;militar;base">
			<field name="nombre_zona_militar" column="nombre" />
                        <field column="key2" template="campamento" />			
		</entity>
		<!-- ====================================== DERA G17 Divisiones administrativas ===================================== -->
		<!-- TERMINOS MUNICIPALES -->
		<entity name="g17_terminos_municipales" dataSource="dera_div_admin"
			typename="dera_div_admin:da02_term_munic"			
			transformer="es.juntadeandalucia.geosearch.transforms.WFSTransform,TemplateTransformer"
			version="1.0.0" srs="EPSG:25830" geometricField="geom"
			keywords="términos;municipales;">
			<field name="municipio" column="municipio" />
			<field name="nombre_provincia" column="provincia" />
		</entity>
		<!-- PROVINCIA -->
		<entity name="g17_provincia" dataSource="dera_div_admin"
			typename="dera_div_admin:da03_provincia"			
			transformer="es.juntadeandalucia.geosearch.transforms.WFSTransform,TemplateTransformer"
			version="1.0.0" srs="EPSG:25830" geometricField="geom"
			keywords="provincia;">
			<field name="provincia" column="provincia" />
		</entity>
		<!-- BARRIOS -->
		<entity name="g17_barrio" dataSource="dera_div_admin"
			typename="dera_div_admin:da04_barrio"
			transformer="es.juntadeandalucia.geosearch.transforms.WFSTransform,TemplateTransformer"
			version="1.0.0" srs="EPSG:25830" geometricField="the_geom"
			keywords="distrito;barrio;ciudad">
			<field name="nombre_barrio" column="barrio" />
			<field name="distrito_barrio" column="distrito" />
			<field name="nombre_municipio" column="municipio" />			
		</entity>


		<!-- ====================================== DERA G18 Toponimia ===================================== -->


		<!-- ====================================== DERA G19 Contexto España ===================================== -->


		<!-- ====================================== DERA G20 Mundo ===================================== -->






		<!-- ============ VERSION ANTERIOR =========== -->

		<!-- ====================================== MEDIO MARINO ===============================================-->
		<!-- ================================================== -->
		<!--  			  	ACUICULTURA						    -->
		<!-- ================================================== -->
		<!--<entity name="mm_acuicultura" dataSource="dea100"
			typename="ideandalucia:mm09_acuicultura"			
			transformer="es.juntadeandalucia.geosearch.transforms.WFSTransform,TemplateTransformer"
			version="1.0.0" srs="EPSG:25830" geometricField="the_geom"
			keywords="piscicultura;acuicultura;actividad económica">			
			<field name="nombre_acuicultura" column="nombre" />
			<field name="provincia_acuicultura" column="provincia" />
			<field name="localidad_acuicultura" column="localidad" />
			<field name="especies_acuicultura" column="especies" />
		</entity>-->
		<!-- ================================================== -->
		<!-- AMBITOS DEL PLAN ESPECIAL DE PROTECCION DEL MFISICO-->
		<!-- ================================================== -->
		<!--<entity name="pt_ambitos_especial_proteccion" dataSource="dea100"
			typename="ideandalucia:pt07_pepmf"			
			transformer="es.juntadeandalucia.geosearch.transforms.WFSTransform,TemplateTransformer"
			version="1.0.0" srs="EPSG:25830" geometricField="the_geom"
			keywords="plan;protección;medioambiente;físico;">			
			<field name="zona_pepmf" column="zona" />
			<field name="area_pepmf" column="shape_area" />
		</entity>-->

		<!--========================================= VIARIO ===================================================-->
		<!-- ================================================== -->
		<!--  			  	CARRETERAS						    -->
		<!-- ================================================== -->
		<!--<entity name="vc_carreteras" dataSource="dea100"
			typename="ideandalucia:vc01_1_carretera_arc"			
			transformer="es.juntadeandalucia.geosearch.transforms.WFSTransform,TemplateTransformer"
			version="1.0.0" srs="EPSG:25830" geometricField="the_geom"
			keywords="viario;autovia;carretera;infraestructura;vía;transporte;">			
			<field name="matricula_carretera" column="matricula" />
			<field name="denominacion_carretera" column="denominaci" />
			<field name="titular_carretera" column="titular" />
			<field name="jerarquia_carretera" column="jerarquia" />
			<field name="tipo_carretera" column="tipo" />
			<field name="longitud_carretera" column="shape_leng" />
		</entity>-->
		<!-- ================================================== -->
		<!--  			  	CAMINOS							    -->
		<!-- ================================================== -->
		<!-- No se indexa por no tener info alfanumérica -->
		<!--<entity name="vc_camino" dataSource="dea100"
			typename="ideandalucia:vc02_camino"			
			transformer="es.juntadeandalucia.geosearch.transforms.WFSTransform,TemplateTransformer"
			version="1.0.0" srs="EPSG:25830" geometricField="the_geom"
			keywords="transporte;pista;itinerario;ruta;vía;trayecto;camino;">			
			<field name="nombre_instalacion_depor" column="nombre" />
			<field name="tipo_instalacion_depor" column="tipo" />
		</entity>-->
		<!-- ================================================== -->
		<!--  			  	FERROCARRILES					    -->
		<!-- ================================================== -->
		<!--<entity name="vc_red_ferrocarriles" dataSource="dea100"
			typename="ideandalucia:vc03_ffcc"			
			transformer="es.juntadeandalucia.geosearch.transforms.WFSTransform,TemplateTransformer"
			version="1.0.0" srs="EPSG:25830" geometricField="the_geom"
			keywords="transporte;infraestructura;ferrocarril;vía;tren;">			
			<field name="tipo_ffcc" column="tipo" />
			<field name="longitud_ffcc" column="shape_leng" />
			<field name="electrific_ffcc" column="electrific" />
			<field name="ancho_ffcc" column="ancho" />
			<field name="situacion_ffcc" column="situacion" />
			<field name="caracteris_ffcc" column="caracteris" />
			<field name="nombre_ffcc" column="nombre" />
		</entity>-->
		
		<!-- ================================================== -->
		<!--  			  	CARRETERAS PAISAJÍSTICAS		    -->
		<!-- ================================================== -->
		<!-- Pendiente publicación DERA 						-->

	</document>
</dataConfig>