<!-- Licensed to the Apache Software Foundation (ASF) under one or more contributor
	license agreements. See the NOTICE file distributed with this work for additional
	information regarding copyright ownership. The ASF licenses this file to
	You under the Apache License, Version 2.0 (the "License"); you may not use
	this file except in compliance with the License. You may obtain a copy of
	the License at http://www.apache.org/licenses/LICENSE-2.0 Unless required
	by applicable law or agreed to in writing, software distributed under the
	License is distributed on an "AS IS" BASIS, WITHOUT WARRANTIES OR CONDITIONS
	OF ANY KIND, either express or implied. See the License for the specific
	language governing permissions and limitations under the License. -->

<dataConfig>
	<!-- ================================================== -->
	<!-- SOURCE = DEA100 20130923							-->
	<!-- ================================================== -->

	<!-- ================================================== -->
	<!--                     SERVICES                       -->
	<!-- ================================================== -->
	<!-- DERA G17 Divisiones administrativas -->
        <dataSource name="dera_div_admin" type="es.juntadeandalucia.geosearch.datasource.WFSDataSource"
		baseUrl="http://www.ideandalucia.es/services/dera_div_admin/wfs?"
		encoding="UTF-8" connectionTimeout="15000" readTimeout="15000" />

	<!-- ================================================== -->
	<!--                     ENTITIES                       -->
	<!-- ================================================== -->
	<document>

		<!-- ======== DERA G17 Divisiones administrativas ===== -->
		<!-- TERMINOS MUNICIPALES -->
		<entity name="g17_terminos_municipales" dataSource="dera_div_admin"
			typename="dera_div_admin:da02_term_munic"			
			transformer="es.juntadeandalucia.geosearch.transforms.WFSTransform,TemplateTransformer"
			version="1.0.0" srs="EPSG:23030" geometricField="geom"
			keywords="términos;municipales;">
			<field name="municipio" column="municipio" />
		</entity>
		<!-- PROVINCIA -->
		<entity name="g17_provincia" dataSource="dera_div_admin"
			typename="dera_div_admin:da03_provincia"			
			transformer="es.juntadeandalucia.geosearch.transforms.WFSTransform,TemplateTransformer"
			version="1.0.0" srs="EPSG:23030" geometricField="geom"
			keywords="provincia;">
			<field name="provincia" column="provincia" />
		</entity>
	</document>
</dataConfig>