<!-- Licensed to the Apache Software Foundation (ASF) under one or more contributor
	license agreements. See the NOTICE file distributed with this work for additional
	information regarding copyright ownership. The ASF licenses this file to
	You under the Apache License, Version 2.0 (the "License"); you may not use
	this file except in compliance with the License. You may obtain a copy of
	the License at http://www.apache.org/licenses/LICENSE-2.0 Unless required
	by applicable law or agreed to in writing, software distributed under the
	License is distributed on an "AS IS" BASIS, WITHOUT WARRANTIES OR CONDITIONS
	OF ANY KIND, either express or implied. See the License for the specific
	language governing permissions and limitations under the License. -->

<dataConfig>

	<!-- ================================================== -->
	<!--                   DATA BASES                       -->
	<!-- ================================================== -->
	<!--<dataSource type="JdbcDataSource" driver="org.postgresql.Driver"
		url="jdbc:postgresql://10.240.203.96:5432/spatialdata" user="postgres"
		password="postgres" />-->
        <!-- ================================================== -->
	<!--                        WFS                         -->
	<!-- ================================================== -->
       <dataSource name="wfs_fuentesymanantiales" type="es.juntadeandalucia.geosearch.datasource.WFSDataSource"
		baseUrl="http://www.juntadeandalucia.es/institutodeestadisticaycartografia/geoserver-ieca/conocetusfuentes/wfs?"
		encoding="UTF-8" connectionTimeout="15000" readTimeout="15000" />

	<document>
		<!-- ================================================== -->
		<!--                  FUENTES 		            -->
		<!-- ================================================== -->
		<!--<entity name="fuentes" query="SELECT *,st_transform(the_geom,23030) as geom FROM fuentesymanantiales_v2"
			transformer="es.juntadeandalucia.geosearch.transforms.PostGISTransform,TemplateTransformer"
			keywords="fuentes">
			<field column="gid" name="gid" />
			<field column="geom" name="the_geom" />
			<field column="nombre" name="nombre" />
			<field column="municipio" name="municipio_fuente" />
			<field column="provincia" name="provincia_fuente" />
			<field column="tipo" name="tipo" />
			<field column="cuenca" name="cuenca" />
			<field column="clave" template="id_fuentes" />
			<field column="web" name="enlace_web" />
			<field column="foto" name="enlace_fot" />
		</entity>-->


                <entity name="fuentesymanantiales" dataSource="wfs_fuentesymanantiales"
                        typename="conocetusfuentes:fuentesymanantiales"
			version="1.0.0" srs="EPSG:23030" geometricField="geom"
			transformer="es.juntadeandalucia.geosearch.transforms.WFSTransform,TemplateTransformer"
			keywords="fuentes;manantiales">
			<field name="nombre" column="nombre" />
			<field name="municipio_fuente" column="municipio" />
			<field name="provincia_fuente" column="provincia" />
			<field name="tipo" column="tipo" />
			<field name="cuenca" column="cuenca" />
                        <field name="web" column="enlace_web" />
			<field name="foto" column="enlace_fot" />
                        <field column="imagen" template="&amp;lt;!--html--&amp;gt;
&amp;lt;img width='200'; src='${fuentesymanantiales.enlace_fot}'&amp;gt;&amp;lt;/img&amp;gt;" />
                        <field column="enlace" template="&amp;lt;!--html--&amp;gt;
&amp;lt;a target='_blank' 
onclick=&amp;quot;window.open(&amp;#39;${fuentesymanantiales.enlace_web}&amp;#39;,&amp;#39;_blank&amp;#39;)&amp;quot; &amp;gt;Ficha&amp;lt;/a&amp;gt;" />
		</entity>
	</document>
</dataConfig>