<?xml version="1.0" encoding="ISO-8859-1"?>
<init>
    <globales>
	<global nombre="Tipologia" descripcion="Tipologia" tipo="LISTA" ayuda="Selección de tipo" >
		<elemento nombre="Microsoft (PREMIER)" valor="Microsoft (PREMIER)"/>
		<elemento nombre="Activacion de licencias" valor="Activacion de licencias"/>
		<elemento nombre="Otros" valor="Otros"/>
	</global>
	<global nombre="Otros" descripcion="Otros" tipo="CADENA" tam="255" valor_inicial="" />

    </globales>
    <fases>
        <fase nombre="SDK_WFGEN_REGISTRO_DATOS">
		<tarea nombre="SDK_WFGEN_REGISTRO_DATOS">
			<campo nombre="Tipologia" obligatorio="true"/>
			<campo nombre="Otros" obligatorio="false"/>
		</tarea>
        </fase>

	<fase nombre="PET_SCM_CT_V1_N1">
		<tarea nombre="PARAMETROS CLASIFICACION">
			<campo nombre="Tipologia" obligatorio="false"/>
			<campo nombre="Otros" obligatorio="false"/>
		</tarea>
	</fase>			
    </fases>
</init>
