<?xml version='1.0' encoding='ISO-8859-15' ?>
<!--Generado desde Model@ v2.1.1-->
<DEF_PROCEDIMIENTO id="3" nombre="PET_CSCM_1" descripcion="CONSULTA TECNICA MICROSOFT 2 NIVELES" sistema="NAOSMIG" version="1.0.0" informar="N" vigente="S" categoria="P">
<PERFILES_USUARIO>
<PERFIL_USUARIO id="176" nombre="OPERADOR" descripcion="OPERADOR"/>
<PERFIL_USUARIO id="41" nombre="PET_SCM_CONSULTA_TEC_V1" descripcion="TECNICO CONSULTA MICROSOFT V1"/>
</PERFILES_USUARIO>
<BLOQUES>
<BLOQUE id="516" nombre="PARAMETROS CLASIFICACION" descripcion="COMPLETAR PARAMETROS" tipo="O" informar="N"></BLOQUE>
</BLOQUES>
<TAREAS>
<TAREA id="1" nombre="PARAMETROS CLASIFICACION" descripcion="COMPLETAR PARAMETROS" tipo="OTROS" tipodoc_bloque_id="516"/>
</TAREAS>
<METAFASES>
<METAFASE id="11" nombre="SDK_WFESP_RESOLUCION" descripcion="METAFASE RESOLUCION" informar="N">
<FASES>
<FASE id="7" nombre="PET_SCM_CT_V1_N1" descripcion="ATENCION Y RESPUESTA INICIAL" informar="N"></FASE>
<FASE id="903" nombre="PET_SCM_CT_V1_N2" descripcion="EVALUACION Y RESPUESTA DIRECCION" informar="N"></FASE>
<FASE id="1350" nombre="PET_SCM_CT_V1_N3" descripcion="PENDIENTE DE TERCEROS" informar="N"></FASE>
</FASES>
</METAFASE>
</METAFASES>
<TRANSICIONES>
<TRANSICION id="15" etiqueta="RESOLUCION" descripcion="REGISTRO" tipo="I" valida="S" informar="N" etiq_larga="SDK_WFGEN_RESOLUCION">
<FASES_FIN>
<FASE_ID id="7"/>
</FASES_FIN>
<PERMISOS_TRAMITACION>
<PERFIL_TRANSICION perfil_id="176" permiso="A"/>
</PERMISOS_TRAMITACION></TRANSICION>
<TRANSICION id="20" etiqueta="FRESOLUCION" descripcion="CIERRE" tipo="F" valida="S" informar="N" etiq_larga="SDK_WFGEN_FRESOLUCION">
<FASE_INI>
<FASE_ID id="7"/>
</FASE_INI>
<PERMISOS_TRAMITACION>
<PERFIL_TRANSICION perfil_id="41" permiso="A"/>
</PERMISOS_TRAMITACION></TRANSICION>
<TRANSICION id="918" etiqueta="PETSCMCT1T1" descripcion="ESCALAR" tipo="N" valida="S" informar="N" etiq_larga="ESCALAR">
<FASE_INI>
<FASE_ID id="7"/>
</FASE_INI>
<FASES_FIN>
<FASE_ID id="903"/>
</FASES_FIN>
<PERMISOS_TRAMITACION>
<PERFIL_TRANSICION perfil_id="41" permiso="A"/>
</PERMISOS_TRAMITACION></TRANSICION>
<TRANSICION id="1290" etiqueta="PETSCMCT1T2" descripcion="RESPUESTA" tipo="N" valida="S" informar="N" etiq_larga="RESPUESTA">
<FASE_INI>
<FASE_ID id="903"/>
</FASE_INI>
<FASES_FIN>
<FASE_ID id="7"/>
</FASES_FIN>
<PERMISOS_TRAMITACION>
<PERFIL_TRANSICION perfil_id="41" permiso="A"/>
</PERMISOS_TRAMITACION></TRANSICION>
<TRANSICION id="1353" etiqueta="PETSCMCT1T3" descripcion="PENDIENTE DE TERCEROS" tipo="N" valida="S" informar="N" etiq_larga="PENDIENTE DE TERCEROS">
<FASE_INI>
<FASE_ID id="7"/>
</FASE_INI>
<FASES_FIN>
<FASE_ID id="1350"/>
</FASES_FIN>
<PERMISOS_TRAMITACION>
<PERFIL_TRANSICION perfil_id="41" permiso="A"/>
</PERMISOS_TRAMITACION></TRANSICION>
<TRANSICION id="1405" etiqueta="FRESOLUCION" descripcion="CIERRE" tipo="F" valida="S" informar="N" etiq_larga="SDK_WFGEN_FRESOLUCION">
<FASE_INI>
<FASE_ID id="1350"/>
</FASE_INI>
<PERMISOS_TRAMITACION>
<PERFIL_TRANSICION perfil_id="41" permiso="A"/>
</PERMISOS_TRAMITACION></TRANSICION>
</TRANSICIONES>
<TAREAS_FASE>
<TAREA_FASE id="1" etiqueta="COMP_PARAMS" descripcion="COMPLETAR PARAMETROS" obligatoria="N" tarea_id="1" fase_id="7" valida="S" informar="N" etiq_larga="PARAMETROS CLASIFICACION">
<PERMISOS_TRAMITACION>
<PERFIL_TAREA perfil_id="41"/></PERMISOS_TRAMITACION>
</TAREA_FASE>
</TAREAS_FASE>
<DEFPROC_GR id="1" titulo="CONSULTA TECNICA MICROSOFT 2 NIVELES">
<GRAFICOS_METAFASE>
<METAFASE_GR id="13" metafase_id="11" xizq="0" yarr="0" ancho="50" alto="50" color_fondo="-1" color_texto="-16777216"></METAFASE_GR>
</GRAFICOS_METAFASE>
<GRAFICOS_EXTREMOS_TRANSICION>
<EXTREMOTRAN_GR id="14" tipo="FA" fase_id="7" xizq="399" yarr="299" ancho="295" alto="154"/>
<EXTREMOTRAN_GR id="17" tipo="I" fase_id="7" xizq="487" yarr="206" ancho="49" alto="42"/>
<EXTREMOTRAN_GR id="22" tipo="F" fase_id="7" xizq="231" yarr="389" ancho="44" alto="35"/>
<EXTREMOTRAN_GR id="905" tipo="FA" fase_id="903" xizq="392" yarr="514" ancho="303" alto="136"/>
<EXTREMOTRAN_GR id="1352" tipo="FA" fase_id="1350" xizq="854" yarr="310" ancho="157" alto="113"/>
<EXTREMOTRAN_GR id="1407" tipo="F" fase_id="1350" xizq="922" yarr="198" ancho="24" alto="30"/>
</GRAFICOS_EXTREMOS_TRANSICION>
<GRAFICOS_TRANSICION>
<TRANSICION_GR id="16" transicion_id="15" extremotran_ini="17" extremotran_fin="14" color_linea="-16777216" color_texto="-16777216">
<NODOS_TRANSICION>
<NODO_TRANGR id="2035" x="510" y="248" orden="0"/><NODO_TRANGR id="2036" x="512" y="299" orden="1"/>
</NODOS_TRANSICION>
</TRANSICION_GR>
<TRANSICION_GR id="21" transicion_id="20" extremotran_ini="14" extremotran_fin="22" color_linea="-16777216" color_texto="-16777216">
<NODOS_TRANSICION>
<NODO_TRANGR id="2037" x="399" y="425" orden="0"/><NODO_TRANGR id="2038" x="275" y="397" orden="1"/>
</NODOS_TRANSICION>
</TRANSICION_GR>
<TRANSICION_GR id="919" transicion_id="918" extremotran_ini="14" extremotran_fin="905" color_linea="-16777216" color_texto="-16777216">
<NODOS_TRANSICION>
<NODO_TRANGR id="2039" x="542" y="452" orden="0"/><NODO_TRANGR id="2040" x="536" y="514" orden="1"/>
</NODOS_TRANSICION>
</TRANSICION_GR>
<TRANSICION_GR id="1291" transicion_id="1290" extremotran_ini="905" extremotran_fin="14" color_linea="-16777216" color_texto="-16777216">
<NODOS_TRANSICION>
<NODO_TRANGR id="2041" x="641" y="514" orden="0"/><NODO_TRANGR id="2042" x="641" y="489" orden="1"/><NODO_TRANGR id="2043" x="643" y="452" orden="2"/>
</NODOS_TRANSICION>
</TRANSICION_GR>
<TRANSICION_GR id="1354" transicion_id="1353" extremotran_ini="14" extremotran_fin="1352" color_linea="-16777216" color_texto="-16777216">
<NODOS_TRANSICION>
<NODO_TRANGR id="2044" x="692" y="373" orden="0"/><NODO_TRANGR id="2045" x="854" y="369" orden="1"/>
</NODOS_TRANSICION>
</TRANSICION_GR>
<TRANSICION_GR id="1406" transicion_id="1405" extremotran_ini="1352" extremotran_fin="1407" color_linea="-16777216" color_texto="-16777216">
<NODOS_TRANSICION>
<NODO_TRANGR id="2046" x="920" y="310" orden="0"/><NODO_TRANGR id="2047" x="921" y="213" orden="1"/>
</NODOS_TRANSICION>
</TRANSICION_GR>
</GRAFICOS_TRANSICION>
</DEFPROC_GR>
</DEF_PROCEDIMIENTO>
