<?xml version='1.0' encoding='ISO-8859-15' ?>
<!--Generado desde Model@ v2.1.1-->
<DEF_PROCEDIMIENTO id="2" nombre="PRO_IDC1N" descripcion="IDENTIFICAR Y DIAGNOSTICAR CAUSA" sistema="NAOSMIG" version="1.0.0" informar="N" descrip_ampliada="IDENTIFICAR Y DIAGNOSTICAR CAUSA RAIZ DE PROBLEMAS " vigente="S" categoria="P">
<PERFILES_USUARIO>
<PERFIL_USUARIO id="25" nombre="PRO_IDC1N" descripcion="TECNICOS DE IDENTIFICACION, DIAGNOSTICO Y CAUSA RAZI DE PROBLEMA"/>
<PERFIL_USUARIO id="23" nombre="OPERADOR" descripcion="OPERADOR"/>
</PERFILES_USUARIO>
<METAFASES>
<METAFASE id="11" nombre="SDK_WFESP_RESOLUCION" descripcion="METAFASE RESOLUCION" informar="N">
<FASES>
<FASE id="36" nombre="PRO_IDC1NF2" descripcion="PROPUESTA DE WORKAROUND Y/O DEFINICION DE RFC" informar="N"></FASE>
<FASE id="7" nombre="PRO_IDC1NF1" descripcion="DIAGNOSTICO Y CONFIRMACION" informar="N"></FASE>
</FASES>
</METAFASE>
</METAFASES>
<TRANSICIONES>
<TRANSICION id="42" etiqueta="FRESOLUCION" descripcion="CIERRE" tipo="F" valida="S" informar="N" etiq_larga="SDK_WFGEN_FRESOLUCION">
<FASE_INI>
<FASE_ID id="36"/>
</FASE_INI>
<PERMISOS_TRAMITACION>
<PERFIL_TRANSICION perfil_id="25" permiso="A"/>
</PERMISOS_TRAMITACION></TRANSICION>
<TRANSICION id="49" etiqueta="FRESOLUCION" descripcion="FALSO POSITIVO" tipo="F" valida="S" informar="N" etiq_larga="SDK_WFGEN_FRESOLUCION">
<FASE_INI>
<FASE_ID id="7"/>
</FASE_INI>
<PERMISOS_TRAMITACION>
<PERFIL_TRANSICION perfil_id="25" permiso="A"/>
</PERMISOS_TRAMITACION></TRANSICION>
<TRANSICION id="58" etiqueta="PRO_IDC1NT2" descripcion="ERROR DE DIAGNOSTICO" tipo="N" valida="S" informar="N" etiq_larga="ERROR DE DIAGNOSTICO">
<FASE_INI>
<FASE_ID id="36"/>
</FASE_INI>
<FASES_FIN>
<FASE_ID id="7"/>
</FASES_FIN>
<PERMISOS_TRAMITACION>
<PERFIL_TRANSICION perfil_id="25" permiso="A"/>
</PERMISOS_TRAMITACION></TRANSICION>
<TRANSICION id="94" etiqueta="PRO_IDC1NT1" descripcion="PROPONER ALTERNATIVAS SOLUCION" tipo="N" valida="S" informar="N" etiq_larga="PROPONER ALTERNATIVAS SOL">
<FASE_INI>
<FASE_ID id="7"/>
</FASE_INI>
<FASES_FIN>
<FASE_ID id="36"/>
</FASES_FIN>
<PERMISOS_TRAMITACION>
<PERFIL_TRANSICION perfil_id="25" permiso="A"/>
</PERMISOS_TRAMITACION></TRANSICION>
<TRANSICION id="5697" etiqueta="RESOLUCION" descripcion="REGISTRO" tipo="I" valida="S" informar="N" etiq_larga="SDK_WFGEN_RESOLUCION">
<FASES_FIN>
<FASE_ID id="7"/>
</FASES_FIN>
<PERMISOS_TRAMITACION>
<PERFIL_TRANSICION perfil_id="23" permiso="A"/>
</PERMISOS_TRAMITACION></TRANSICION>
</TRANSICIONES>
<DEFPROC_GR id="1" titulo="IDENTIFICAR Y DIAGNOSTICAR CAUSA">
<GRAFICOS_METAFASE>
<METAFASE_GR id="12" metafase_id="11" xizq="0" yarr="0" ancho="50" alto="50" color_fondo="-1" color_texto="-16777216"></METAFASE_GR>
</GRAFICOS_METAFASE>
<GRAFICOS_EXTREMOS_TRANSICION>
<EXTREMOTRAN_GR id="13" tipo="FA" fase_id="7" xizq="163" yarr="183" ancho="169" alto="64"/>
<EXTREMOTRAN_GR id="38" tipo="FA" fase_id="36" xizq="172" yarr="443" ancho="128" alto="54"/>
<EXTREMOTRAN_GR id="44" tipo="F" fase_id="36" xizq="135" yarr="660" ancho="36" alto="46"/>
<EXTREMOTRAN_GR id="51" tipo="F" fase_id="7" xizq="41" yarr="286" ancho="24" alto="30"/>
<EXTREMOTRAN_GR id="5699" tipo="I" fase_id="7" xizq="224" yarr="37" ancho="24" alto="30"/>
</GRAFICOS_EXTREMOS_TRANSICION>
<GRAFICOS_TRANSICION>
<TRANSICION_GR id="43" transicion_id="42" extremotran_ini="38" extremotran_fin="44" color_linea="-16777216" color_texto="-16777216">
<NODOS_TRANSICION>
<NODO_TRANGR id="5817" x="172" y="497" orden="0"/><NODO_TRANGR id="5818" x="171" y="706" orden="1"/>
</NODOS_TRANSICION>
</TRANSICION_GR>
<TRANSICION_GR id="50" transicion_id="49" extremotran_ini="13" extremotran_fin="51" color_linea="-16777216" color_texto="-16777216">
<NODOS_TRANSICION>
<NODO_TRANGR id="5819" x="163" y="221" orden="0"/><NODO_TRANGR id="5820" x="65" y="300" orden="1"/>
</NODOS_TRANSICION>
</TRANSICION_GR>
<TRANSICION_GR id="59" transicion_id="58" extremotran_ini="38" extremotran_fin="13" color_linea="-16777216" color_texto="-16777216">
<NODOS_TRANSICION>
<NODO_TRANGR id="5821" x="300" y="443" orden="0"/><NODO_TRANGR id="5822" x="281" y="247" orden="1"/>
</NODOS_TRANSICION>
</TRANSICION_GR>
<TRANSICION_GR id="81" extremotran_ini="38" extremotran_fin="38" color_linea="-16777216" color_texto="-16777216">
<NODOS_TRANSICION>
<NODO_TRANGR id="5823" x="500" y="492" orden="0"/>
</NODOS_TRANSICION>
</TRANSICION_GR>
<TRANSICION_GR id="95" transicion_id="94" extremotran_ini="13" extremotran_fin="38" color_linea="-16777216" color_texto="-16777216">
<NODOS_TRANSICION>
<NODO_TRANGR id="5824" x="230" y="247" orden="0"/><NODO_TRANGR id="5825" x="217" y="443" orden="1"/>
</NODOS_TRANSICION>
</TRANSICION_GR>
<TRANSICION_GR id="5698" transicion_id="5697" extremotran_ini="5699" extremotran_fin="13" color_linea="-16777216" color_texto="-16777216">
<NODOS_TRANSICION>
<NODO_TRANGR id="5826" x="226" y="67" orden="0"/><NODO_TRANGR id="5827" x="250" y="183" orden="1"/>
</NODOS_TRANSICION>
</TRANSICION_GR>
</GRAFICOS_TRANSICION>
</DEFPROC_GR>
</DEF_PROCEDIMIENTO>
