<?xml version="1.0" encoding="ISO-8859-1"?>
<init>
<globales>
<!-- INFORMACION DE USUARIO PRODUCTO 1 -->
	<global nombre="Primer tipo producto a solicitar" tipo="LISTA" descripcion="Producto" ayuda="Informe el tipo de producto"> 
			<elemento nombre="Windows 7 Professional" valor="Windows 7 Professional"/>
			<elemento nombre="Windows 7 Enterprise" valor="Windows 7 Enterprise"/>
			<elemento nombre="Windows 8 Professional" valor="Windows 8 Professional"/>
			<elemento nombre="Windows 8 Enterprise" valor="Windows 8 Enterprise"/>
			<elemento nombre="Windows 8.1 Professional" valor="Windows 8.1 Professional"/>
			<elemento nombre="Windows 8.1 Enterprise" valor="Windows 8.1 Enterprise"/>
			<elemento nombre="Windows Server 2008 Standard" valor="Windows Server 2008 Standard"/>
			<elemento nombre="Windows Server 2008 Enterprise" valor="Windows Server 2008 Enterprise"/>
			<elemento nombre="Windows Server 2008 R2 Standard" valor="Windows Server 2008 R2 Standard"/>
			<elemento nombre="Windows Server 2008 R2 Enterprise" valor="Windows Server 2008 R2 Enterprise"/>
			<elemento nombre="Windows Server 2012 Standard" valor="Windows Server 2012 Standard"/>
			<elemento nombre="Windows Server 2012 Enterprise (Datacenter)" valor="Windows Server 2012 Enterprise (Datacenter)"/>
			<elemento nombre="Windows Server 2012 R2 Standard" valor="Windows Server 2012 R2 Standard"/>
			<elemento nombre="Windows Server 2012 R2 Enterprise (Datacenter)" valor="Windows Server 2012 R2 Enterprise (Datacenter)"/>
			<elemento nombre="Office 2010 Standard (en propiedad)" valor="Office 2010 Standard (en propiedad)"/>
			<elemento nombre="Office 2010 Standard (derecho a uso)" valor="Office 2010 Standard (derecho a uso)"/>
			<elemento nombre="Office 2010 Professional (en propiedad)" valor="Office 2010 Professional (en propiedad)"/>
			<elemento nombre="Office 2010 Professional (derecho a uso)" valor="Office 2010 Professional (derecho a uso)"/>
			<elemento nombre="Office 2013 Standard (en propiedad)" valor="Office 2013 Standard (en propiedad)"/>
			<elemento nombre="Office 2013 Standard (derecho a uso)" valor="Office 2013 Standard (derecho a uso)"/>
			<elemento nombre="Office 2013 Professional (en propiedad)" valor="Office 2013 Professional (en propiedad)"/>
			<elemento nombre="Office 2013 Professional (derecho a uso)" valor="Office 2013 Professional (derecho a uso)"/>
	</global>


	<global nombre="Cantidad solicitada sobre el primer producto" descripcion="Cantidad" tipo="ENTERO" tam="9" valor_inicial="" ayuda="Introduzca cantidad de licencias" />

	<global nombre="Cantidad otorgada sobre el primer producto" descripcion="Cantidad" tipo="ENTERO" tam="9" valor_inicial="" ayuda="Introduzca cantidad de licencias" />

	<global nombre="Cantidad activada sobre el primer producto" descripcion="Cantidad" tipo="ENTERO" tam="9" valor_inicial="" ayuda="Introduzca cantidad de licencias" />

	<global nombre="Operacion sobre el primer producto" descripcion="Operacion" tipo="LISTA" ayuda="Operacion" >
		<elemento nombre="Alta" valor="Alta"/>
		<elemento nombre="Baja" valor="Baja"/>
	</global>

<!-- INFORMACION DE USUARIO PRODUCTO 2 -->
	<global nombre="Segundo tipo de producto a solicitar" tipo="LISTA" descripcion="Producto" ayuda="Informe el tipo de producto"> 
			<elemento nombre="Windows 7 Professional" valor="Windows 7 Professional"/>
			<elemento nombre="Windows 7 Enterprise" valor="Windows 7 Enterprise"/>
			<elemento nombre="Windows 8 Professional" valor="Windows 8 Professional"/>
			<elemento nombre="Windows 8 Enterprise" valor="Windows 8 Enterprise"/>
			<elemento nombre="Windows 8.1 Professional" valor="Windows 8.1 Professional"/>
			<elemento nombre="Windows 8.1 Enterprise" valor="Windows 8.1 Enterprise"/>
			<elemento nombre="Windows Server 2008 Standard" valor="Windows Server 2008 Standard"/>
			<elemento nombre="Windows Server 2008 Enterprise" valor="Windows Server 2008 Enterprise"/>
			<elemento nombre="Windows Server 2008 R2 Standard" valor="Windows Server 2008 R2 Standard"/>
			<elemento nombre="Windows Server 2008 R2 Enterprise" valor="Windows Server 2008 R2 Enterprise"/>
			<elemento nombre="Windows Server 2012 Standard" valor="Windows Server 2012 Standard"/>
			<elemento nombre="Windows Server 2012 Enterprise (Datacenter)" valor="Windows Server 2012 Enterprise (Datacenter)"/>
			<elemento nombre="Windows Server 2012 R2 Standard" valor="Windows Server 2012 R2 Standard"/>
			<elemento nombre="Windows Server 2012 R2 Enterprise (Datacenter)" valor="Windows Server 2012 R2 Enterprise (Datacenter)"/>
			<elemento nombre="Office 2010 Standard (en propiedad)" valor="Office 2010 Standard (en propiedad)"/>
			<elemento nombre="Office 2010 Standard (derecho a uso)" valor="Office 2010 Standard (derecho a uso)"/>
			<elemento nombre="Office 2010 Professional (en propiedad)" valor="Office 2010 Professional (en propiedad)"/>
			<elemento nombre="Office 2010 Professional (derecho a uso)" valor="Office 2010 Professional (derecho a uso)"/>
			<elemento nombre="Office 2013 Standard (en propiedad)" valor="Office 2013 Standard (en propiedad)"/>
			<elemento nombre="Office 2013 Standard (derecho a uso)" valor="Office 2013 Standard (derecho a uso)"/>
			<elemento nombre="Office 2013 Professional (en propiedad)" valor="Office 2013 Professional (en propiedad)"/>
			<elemento nombre="Office 2013 Professional (derecho a uso)" valor="Office 2013 Professional (derecho a uso)"/>
	</global>


	<global nombre="Cantidad solicitada sobre el segundo producto" descripcion="Cantidad" tipo="ENTERO" tam="9" valor_inicial="" ayuda="Introduzca cantidad de licencias" />
	<global nombre="Cantidad otorgada sobre el segundo producto" descripcion="Cantidad" tipo="ENTERO" tam="9" valor_inicial="" ayuda="Introduzca cantidad de licencias" />
	<global nombre="Cantidad activada sobre el segundo producto" descripcion="Cantidad" tipo="ENTERO" tam="9" valor_inicial="" ayuda="Introduzca cantidad de licencias" />

	<global nombre="Operacion sobre el segundo producto" descripcion="Operacion" tipo="LISTA" ayuda="Operacion" >
		<elemento nombre="Alta" valor="Alta"/>
		<elemento nombre="Baja" valor="Baja"/>
	</global>

<!-- INFORMACION DE USUARIO PRODUCTO 3 -->
	<global nombre="Tercer tipo de producto a solicitar" tipo="LISTA" descripcion="Producto" ayuda="Informe el tipo de producto"> 
			<elemento nombre="Windows 7 Professional" valor="Windows 7 Professional"/>
			<elemento nombre="Windows 7 Enterprise" valor="Windows 7 Enterprise"/>
			<elemento nombre="Windows 8 Professional" valor="Windows 8 Professional"/>
			<elemento nombre="Windows 8 Enterprise" valor="Windows 8 Enterprise"/>
			<elemento nombre="Windows 8.1 Professional" valor="Windows 8.1 Professional"/>
			<elemento nombre="Windows 8.1 Enterprise" valor="Windows 8.1 Enterprise"/>
			<elemento nombre="Windows Server 2008 Standard" valor="Windows Server 2008 Standard"/>
			<elemento nombre="Windows Server 2008 Enterprise" valor="Windows Server 2008 Enterprise"/>
			<elemento nombre="Windows Server 2008 R2 Standard" valor="Windows Server 2008 R2 Standard"/>
			<elemento nombre="Windows Server 2008 R2 Enterprise" valor="Windows Server 2008 R2 Enterprise"/>
			<elemento nombre="Windows Server 2012 Standard" valor="Windows Server 2012 Standard"/>
			<elemento nombre="Windows Server 2012 Enterprise (Datacenter)" valor="Windows Server 2012 Enterprise (Datacenter)"/>
			<elemento nombre="Windows Server 2012 R2 Standard" valor="Windows Server 2012 R2 Standard"/>
			<elemento nombre="Windows Server 2012 R2 Enterprise (Datacenter)" valor="Windows Server 2012 R2 Enterprise (Datacenter)"/>
			<elemento nombre="Office 2010 Standard (en propiedad)" valor="Office 2010 Standard (en propiedad)"/>
			<elemento nombre="Office 2010 Standard (derecho a uso)" valor="Office 2010 Standard (derecho a uso)"/>
			<elemento nombre="Office 2010 Professional (en propiedad)" valor="Office 2010 Professional (en propiedad)"/>
			<elemento nombre="Office 2010 Professional (derecho a uso)" valor="Office 2010 Professional (derecho a uso)"/>
			<elemento nombre="Office 2013 Standard (en propiedad)" valor="Office 2013 Standard (en propiedad)"/>
			<elemento nombre="Office 2013 Standard (derecho a uso)" valor="Office 2013 Standard (derecho a uso)"/>
			<elemento nombre="Office 2013 Professional (en propiedad)" valor="Office 2013 Professional (en propiedad)"/>
			<elemento nombre="Office 2013 Professional (derecho a uso)" valor="Office 2013 Professional (derecho a uso)"/>
	</global>


	<global nombre="Cantidad solicitada sobre el tercer producto" descripcion="Cantidad" tipo="ENTERO" tam="9" valor_inicial="" ayuda="Introduzca cantidad de licencias" />
	<global nombre="Cantidad otorgada sobre el tercer producto" descripcion="Cantidad" tipo="ENTERO" tam="9" valor_inicial="" ayuda="Introduzca cantidad de licencias" />
	<global nombre="Cantidad activada sobre el tercer producto" descripcion="Cantidad" tipo="ENTERO" tam="9" valor_inicial="" ayuda="Introduzca cantidad de licencias" />

	<global nombre="Operacion sobre el tercer producto" descripcion="Operacion" tipo="LISTA" ayuda="Operacion" >
		<elemento nombre="Alta" valor="Alta"/>
		<elemento nombre="Baja" valor="Baja"/>
	</global>

<!-- INFORMACION DE USUARIO PRODUCTO 4 -->
	<global nombre="Cuarto tipo de producto a solicitar" tipo="LISTA" descripcion="Producto" ayuda="Informe el tipo de producto"> 
			<elemento nombre="Windows 7 Professional" valor="Windows 7 Professional"/>
			<elemento nombre="Windows 7 Enterprise" valor="Windows 7 Enterprise"/>
			<elemento nombre="Windows 8 Professional" valor="Windows 8 Professional"/>
			<elemento nombre="Windows 8 Enterprise" valor="Windows 8 Enterprise"/>
			<elemento nombre="Windows 8.1 Professional" valor="Windows 8.1 Professional"/>
			<elemento nombre="Windows 8.1 Enterprise" valor="Windows 8.1 Enterprise"/>
			<elemento nombre="Windows Server 2008 Standard" valor="Windows Server 2008 Standard"/>
			<elemento nombre="Windows Server 2008 Enterprise" valor="Windows Server 2008 Enterprise"/>
			<elemento nombre="Windows Server 2008 R2 Standard" valor="Windows Server 2008 R2 Standard"/>
			<elemento nombre="Windows Server 2008 R2 Enterprise" valor="Windows Server 2008 R2 Enterprise"/>
			<elemento nombre="Windows Server 2012 Standard" valor="Windows Server 2012 Standard"/>
			<elemento nombre="Windows Server 2012 Enterprise (Datacenter)" valor="Windows Server 2012 Enterprise (Datacenter)"/>
			<elemento nombre="Windows Server 2012 R2 Standard" valor="Windows Server 2012 R2 Standard"/>
			<elemento nombre="Windows Server 2012 R2 Enterprise (Datacenter)" valor="Windows Server 2012 R2 Enterprise (Datacenter)"/>
			<elemento nombre="Office 2010 Standard (en propiedad)" valor="Office 2010 Standard (en propiedad)"/>
			<elemento nombre="Office 2010 Standard (derecho a uso)" valor="Office 2010 Standard (derecho a uso)"/>
			<elemento nombre="Office 2010 Professional (en propiedad)" valor="Office 2010 Professional (en propiedad)"/>
			<elemento nombre="Office 2010 Professional (derecho a uso)" valor="Office 2010 Professional (derecho a uso)"/>
			<elemento nombre="Office 2013 Standard (en propiedad)" valor="Office 2013 Standard (en propiedad)"/>
			<elemento nombre="Office 2013 Standard (derecho a uso)" valor="Office 2013 Standard (derecho a uso)"/>
			<elemento nombre="Office 2013 Professional (en propiedad)" valor="Office 2013 Professional (en propiedad)"/>
			<elemento nombre="Office 2013 Professional (derecho a uso)" valor="Office 2013 Professional (derecho a uso)"/>
	</global>


	<global nombre="Cantidad solicitada sobre el cuarto producto" descripcion="Cantidad" tipo="ENTERO" tam="9" valor_inicial="" ayuda="Introduzca cantidad de licencias" />
	<global nombre="Cantidad otorgada sobre el cuarto producto" descripcion="Cantidad" tipo="ENTERO" tam="9" valor_inicial="" ayuda="Introduzca cantidad de licencias" />
	<global nombre="Cantidad activada sobre el cuarto producto" descripcion="Cantidad" tipo="ENTERO" tam="9" valor_inicial="" ayuda="Introduzca cantidad de licencias" />

	<global nombre="Operacion sobre el cuarto producto" descripcion="Operacion" tipo="LISTA" ayuda="Operacion" >
		<elemento nombre="Alta" valor="Alta"/>
		<elemento nombre="Baja" valor="Baja"/>
	</global>

<!-- INFORMACION DE USUARIO PRODUCTO 5 -->
	<global nombre="Quinto tipo de producto a solicitar" tipo="LISTA" descripcion="Producto" ayuda="Informe el tipo de producto"> 
			<elemento nombre="Windows 7 Professional" valor="Windows 7 Professional"/>
			<elemento nombre="Windows 7 Enterprise" valor="Windows 7 Enterprise"/>
			<elemento nombre="Windows 8 Professional" valor="Windows 8 Professional"/>
			<elemento nombre="Windows 8 Enterprise" valor="Windows 8 Enterprise"/>
			<elemento nombre="Windows 8.1 Professional" valor="Windows 8.1 Professional"/>
			<elemento nombre="Windows 8.1 Enterprise" valor="Windows 8.1 Enterprise"/>
			<elemento nombre="Windows Server 2008 Standard" valor="Windows Server 2008 Standard"/>
			<elemento nombre="Windows Server 2008 Enterprise" valor="Windows Server 2008 Enterprise"/>
			<elemento nombre="Windows Server 2008 R2 Standard" valor="Windows Server 2008 R2 Standard"/>
			<elemento nombre="Windows Server 2008 R2 Enterprise" valor="Windows Server 2008 R2 Enterprise"/>
			<elemento nombre="Windows Server 2012 Standard" valor="Windows Server 2012 Standard"/>
			<elemento nombre="Windows Server 2012 Enterprise (Datacenter)" valor="Windows Server 2012 Enterprise (Datacenter)"/>
			<elemento nombre="Windows Server 2012 R2 Standard" valor="Windows Server 2012 R2 Standard"/>
			<elemento nombre="Windows Server 2012 R2 Enterprise (Datacenter)" valor="Windows Server 2012 R2 Enterprise (Datacenter)"/>
			<elemento nombre="Office 2010 Standard (en propiedad)" valor="Office 2010 Standard (en propiedad)"/>
			<elemento nombre="Office 2010 Standard (derecho a uso)" valor="Office 2010 Standard (derecho a uso)"/>
			<elemento nombre="Office 2010 Professional (en propiedad)" valor="Office 2010 Professional (en propiedad)"/>
			<elemento nombre="Office 2010 Professional (derecho a uso)" valor="Office 2010 Professional (derecho a uso)"/>
			<elemento nombre="Office 2013 Standard (en propiedad)" valor="Office 2013 Standard (en propiedad)"/>
			<elemento nombre="Office 2013 Standard (derecho a uso)" valor="Office 2013 Standard (derecho a uso)"/>
			<elemento nombre="Office 2013 Professional (en propiedad)" valor="Office 2013 Professional (en propiedad)"/>
			<elemento nombre="Office 2013 Professional (derecho a uso)" valor="Office 2013 Professional (derecho a uso)"/>
	</global>
	<global nombre="Cantidad solicitada sobre el quinto producto" descripcion="Cantidad" tipo="ENTERO" tam="9" valor_inicial="" ayuda="Introduzca cantidad de licencias" />
	<global nombre="Cantidad otorgada sobre el quinto producto" descripcion="Cantidad" tipo="ENTERO" tam="9" valor_inicial="" ayuda="Introduzca cantidad de licencias" />
	<global nombre="Cantidad activada sobre el quinto producto" descripcion="Cantidad" tipo="ENTERO" tam="9" valor_inicial="" ayuda="Introduzca cantidad de licencias" />

	<global nombre="Operacion sobre el quinto producto" descripcion="Operacion" tipo="LISTA" ayuda="Operacion" >
		<elemento nombre="Alta" valor="Alta"/>
		<elemento nombre="Baja" valor="Baja"/>
	</global>



</globales>
<fases>
	<fase nombre="SDK_WFGEN_REGISTRO_DATOS">
		<tarea nombre="SDK_WFGEN_REGISTRO_DATOS">
			<campo nombre="Primer tipo producto a solicitar" obligatorio="true"/>
			<campo nombre="Operacion sobre el primer producto" obligatorio="true"/>
			<campo nombre="Cantidad solicitada sobre el primer producto" obligatorio="true"/>

			<campo nombre="Segundo tipo de producto a solicitar" obligatorio="false"/>
			<campo nombre="Operacion sobre el segundo producto" obligatorio="false"/>
			<campo nombre="Cantidad solicitada sobre el segundo producto" obligatorio="false"/>

			<campo nombre="Tercer tipo de producto a solicitar" obligatorio="false"/>
			<campo nombre="Operacion sobre el tercer producto" obligatorio="false"/>
			<campo nombre="Cantidad solicitada sobre el tercer producto" obligatorio="false"/>

			<campo nombre="Cuarto tipo de producto a solicitar" obligatorio="false"/>
			<campo nombre="Operacion sobre el cuarto producto" obligatorio="false"/>
			<campo nombre="Cantidad solicitada sobre el cuarto producto" obligatorio="false"/>

			<campo nombre="Quinto tipo de producto a solicitar" obligatorio="false"/>
			<campo nombre="Operacion sobre el quinto producto" obligatorio="false"/>
			<campo nombre="Cantidad solicitada sobre el quinto producto" obligatorio="false"/>
		</tarea>
	</fase>					
	<fase nombre="CFG_SCMAALF1" >
		<tarea nombre="DECI_LICENC">
			<campo nombre="Primer tipo producto a solicitar" obligatorio="true"/>
			<campo nombre="Operacion sobre el primer producto" obligatorio="true"/>
			<campo nombre="Cantidad otorgada sobre el primer producto" obligatorio="true"/>

			<campo nombre="Segundo tipo de producto a solicitar" obligatorio="false"/>
			<campo nombre="Operacion sobre el segundo producto" obligatorio="false"/>
			<campo nombre="Cantidad otorgada sobre el segundo producto" obligatorio="false"/>

			<campo nombre="Tercer tipo de producto a solicitar" obligatorio="false"/>
			<campo nombre="Operacion sobre el tercer producto" obligatorio="false"/>
			<campo nombre="Cantidad otorgada sobre el tercer producto" obligatorio="false"/>

			<campo nombre="Cuarto tipo de producto a solicitar" obligatorio="false"/>
			<campo nombre="Operacion sobre el cuarto producto" obligatorio="false"/>
			<campo nombre="Cantidad otorgada sobre el cuarto producto" obligatorio="false"/>

			<campo nombre="Quinto tipo de producto a solicitar" obligatorio="false"/>
			<campo nombre="Operacion sobre el quinto producto" obligatorio="false"/>
			<campo nombre="Cantidad otorgada sobre el quinto producto" obligatorio="false"/>
		</tarea>
	</fase>
	<fase nombre="CFG_SCMAALF3" >
		<tarea nombre="ACTUAL_CMDB">
			<campo nombre="Primer tipo producto a solicitar" obligatorio="true"/>
			<campo nombre="Operacion sobre el primer producto" obligatorio="true"/>
			<campo nombre="Cantidad activada sobre el primer producto" obligatorio="true"/>

			<campo nombre="Segundo tipo de producto a solicitar" obligatorio="false"/>
			<campo nombre="Operacion sobre el segundo producto" obligatorio="false"/>
			<campo nombre="Cantidad activada sobre el segundo producto" obligatorio="false"/>

			<campo nombre="Tercer tipo de producto a solicitar" obligatorio="false"/>
			<campo nombre="Operacion sobre el tercer producto" obligatorio="false"/>
			<campo nombre="Cantidad activada sobre el tercer producto" obligatorio="false"/>

			<campo nombre="Cuarto tipo de producto a solicitar" obligatorio="false"/>
			<campo nombre="Operacion sobre el cuarto producto" obligatorio="false"/>
			<campo nombre="Cantidad activada sobre el cuarto producto" obligatorio="false"/>

			<campo nombre="Quinto tipo de producto a solicitar" obligatorio="false"/>
			<campo nombre="Operacion sobre el quinto producto" obligatorio="false"/>
			<campo nombre="Cantidad activada sobre el quinto producto" obligatorio="false"/>
		</tarea>
	</fase>
</fases>
</init>
