<?xml version='1.0' encoding='ISO-8859-15' ?>
<!--Generado desde Model@ v2.1.1-->
<DEF_PROCEDIMIENTO id="2" nombre="CFG_ALSMV1" descripcion="ACTUALIZACION Y USO DE LICENCIAS MICROSOFT" sistema="NAOSMIG" version="1.0.0" informar="N" descrip_ampliada="ACTUALIZACION Y USO DE LICENCIAS MICROSOFT" vigente="S" categoria="P">
<PERFILES_USUARIO>
<PERFIL_USUARIO id="42" nombre="OPERADOR" descripcion="OPERADOR"/>
<PERFIL_USUARIO id="60" nombre="CFG_SCM_AAL" descripcion="MICROSOFT TECNICOS DE ACTUALIZACION DE ASIGNACION DE LICENCIAS"/>
</PERFILES_USUARIO>
<BLOQUES>
<BLOQUE id="341" nombre="ACTUALIZAR_CMDB" descripcion="ACTUALIZAR_CMDB" tipo="O" informar="N"></BLOQUE>
<BLOQUE id="266" nombre="DECISION_TOMADA_LICENCIA" descripcion="DECISION_TOMADA_LICENCIA" tipo="O" informar="N"></BLOQUE>
</BLOQUES>
<TAREAS>
<TAREA id="1" nombre="ACTUALIZAR_CMDB" descripcion="ACTUALIZAR_CMDB" tipo="OTROS" tipodoc_bloque_id="341"/>
<TAREA id="2" nombre="DECISION_TOMADA_LICENCIA" descripcion="DECISION_TOMADA_LICENCIA" tipo="OTROS" tipodoc_bloque_id="266"/>
</TAREAS>
<METAFASES>
<METAFASE id="11" nombre="SDK_WFESP_RESOLUCION" descripcion="METAFASE RESOLUCION" informar="N">
<FASES>
<FASE id="7" nombre="CFG_SCMAALF1" descripcion="GESTION INTERNA" informar="N"></FASE>
<FASE id="20" nombre="CFG_SCMAALF3" descripcion="PENDIENTE DE ACTIVACION" informar="N"></FASE>
<FASE id="30" nombre="CFG_SCMAALF4" descripcion="NECESITA APROBACION" informar="N"></FASE>
</FASES>
</METAFASE>
</METAFASES>
<TRANSICIONES>
<TRANSICION id="33" etiqueta="RESOLUCION" descripcion="INICIO" tipo="I" valida="S" informar="N" etiq_larga="SDK_WFGEN_RESOLUCION">
<FASES_FIN>
<FASE_ID id="7"/>
</FASES_FIN>
<PERMISOS_TRAMITACION>
<PERFIL_TRANSICION perfil_id="42" permiso="A"/>
</PERMISOS_TRAMITACION></TRANSICION>
<TRANSICION id="50" etiqueta="FRESOLUCION" descripcion="CIERRE" tipo="F" valida="S" informar="N" etiq_larga="SDK_WFGEN_FRESOLUCION">
<FASE_INI>
<FASE_ID id="20"/>
</FASE_INI>
<PERMISOS_TRAMITACION>
<PERFIL_TRANSICION perfil_id="60" permiso="A"/>
</PERMISOS_TRAMITACION></TRANSICION>
<TRANSICION id="831" etiqueta="CFG_SMAALT1" descripcion="ENVIO A APROBACION" tipo="N" valida="S" informar="N" etiq_larga="ENVIO A APROBACION">
<FASE_INI>
<FASE_ID id="7"/>
</FASE_INI>
<FASES_FIN>
<FASE_ID id="30"/>
</FASES_FIN>
<PERMISOS_TRAMITACION>
<PERFIL_TRANSICION perfil_id="60" permiso="A"/>
</PERMISOS_TRAMITACION></TRANSICION>
<TRANSICION id="853" etiqueta="CFG_SMAALT2" descripcion="RESPUESTA SOLICITUD" tipo="N" valida="S" informar="N" etiq_larga="RESPUESTA SOLICITUD">
<FASE_INI>
<FASE_ID id="30"/>
</FASE_INI>
<FASES_FIN>
<FASE_ID id="7"/>
</FASES_FIN>
<PERMISOS_TRAMITACION>
<PERFIL_TRANSICION perfil_id="60" permiso="A"/>
</PERMISOS_TRAMITACION></TRANSICION>
<TRANSICION id="946" etiqueta="CFG_SMAALT3" descripcion="EN ESPERA DE ACTIVACION" tipo="N" valida="S" informar="N" etiq_larga="EN ESPERA DE ACTIVACION">
<FASE_INI>
<FASE_ID id="7"/>
</FASE_INI>
<FASES_FIN>
<FASE_ID id="20"/>
</FASES_FIN>
<PERMISOS_TRAMITACION>
<PERFIL_TRANSICION perfil_id="60" permiso="A"/>
</PERMISOS_TRAMITACION></TRANSICION>
</TRANSICIONES>
<TAREAS_FASE>
<TAREA_FASE id="1" etiqueta="ACTUAL_CMDB" descripcion="ACTUALIZAR CMDB" obligatoria="S" tarea_id="1" fase_id="20" valida="S" informar="N" etiq_larga="ACTUAL_CMDB">
<PERMISOS_TRAMITACION>
<PERFIL_TAREA perfil_id="60"/></PERMISOS_TRAMITACION>
</TAREA_FASE><TAREA_FASE id="2" etiqueta="DECI_LICENC" descripcion="DECISION SOBRE LAS LICENCIAS SOLICITADAS" obligatoria="S" tarea_id="2" fase_id="7" valida="S" informar="N" etiq_larga="DECI_LICENC">
<PERMISOS_TRAMITACION>
<PERFIL_TAREA perfil_id="60"/></PERMISOS_TRAMITACION>
</TAREA_FASE>
</TAREAS_FASE>
<DEFPROC_GR id="1" titulo="ACTUALIZACION Y USO DE LICENCIAS MICROSOFT">
<GRAFICOS_METAFASE>
<METAFASE_GR id="12" metafase_id="11" xizq="0" yarr="0" ancho="50" alto="50" color_fondo="-1" color_texto="-16777216"></METAFASE_GR>
</GRAFICOS_METAFASE>
<GRAFICOS_EXTREMOS_TRANSICION>
<EXTREMOTRAN_GR id="13" tipo="FA" fase_id="7" xizq="459" yarr="129" ancho="267" alto="132"/>
<EXTREMOTRAN_GR id="22" tipo="FA" fase_id="20" xizq="889" yarr="338" ancho="246" alto="140"/>
<EXTREMOTRAN_GR id="32" tipo="FA" fase_id="30" xizq="849" yarr="104" ancho="239" alto="128"/>
<EXTREMOTRAN_GR id="35" tipo="I" fase_id="7" xizq="618" yarr="12" ancho="24" alto="30"/>
<EXTREMOTRAN_GR id="52" tipo="F" fase_id="20" xizq="975" yarr="606" ancho="24" alto="30"/>
</GRAFICOS_EXTREMOS_TRANSICION>
<GRAFICOS_TRANSICION>
<TRANSICION_GR id="34" transicion_id="33" extremotran_ini="35" extremotran_fin="13" color_linea="-16777216" color_texto="-16777216">
<NODOS_TRANSICION>
<NODO_TRANGR id="1171" x="618" y="16" orden="0"/><NODO_TRANGR id="1172" x="573" y="129" orden="1"/>
</NODOS_TRANSICION>
</TRANSICION_GR>
<TRANSICION_GR id="51" transicion_id="50" extremotran_ini="22" extremotran_fin="52" color_linea="-16777216" color_texto="-16777216">
<NODOS_TRANSICION>
<NODO_TRANGR id="1173" x="950" y="473" orden="0"/><NODO_TRANGR id="1174" x="975" y="628" orden="1"/>
</NODOS_TRANSICION>
</TRANSICION_GR>
<TRANSICION_GR id="832" transicion_id="831" extremotran_ini="13" extremotran_fin="32" color_linea="-16777216" color_texto="-16777216">
<NODOS_TRANSICION>
<NODO_TRANGR id="1175" x="721" y="172" orden="0"/><NODO_TRANGR id="1176" x="849" y="159" orden="1"/>
</NODOS_TRANSICION>
</TRANSICION_GR>
<TRANSICION_GR id="854" transicion_id="853" extremotran_ini="32" extremotran_fin="13" color_linea="-16777216" color_texto="-16777216">
<NODOS_TRANSICION>
<NODO_TRANGR id="1177" x="849" y="182" orden="0"/><NODO_TRANGR id="1178" x="721" y="193" orden="1"/>
</NODOS_TRANSICION>
</TRANSICION_GR>
<TRANSICION_GR id="947" transicion_id="946" extremotran_ini="13" extremotran_fin="22" color_linea="-16777216" color_texto="-16777216">
<NODOS_TRANSICION>
<NODO_TRANGR id="1179" x="721" y="254" orden="0"/><NODO_TRANGR id="1180" x="889" y="357" orden="1"/>
</NODOS_TRANSICION>
</TRANSICION_GR>
</GRAFICOS_TRANSICION>
</DEFPROC_GR>
</DEF_PROCEDIMIENTO>
