<?xml version="1.0"?>
<!--<!DOCTYPE metadata SYSTEM "http://www.esri.com/metadata/esriprof80.dtd">-->
<metadata xml:lang="es"><Esri><CreaDate>20110323</CreaDate><CreaTime>12100600</CreaTime><SyncOnce>TRUE</SyncOnce><DataProperties><lineage><Process Name="InterpolateShape_1" ToolSource="C:\Archivos de programa\ArcGIS\ArcToolbox\Toolboxes\3D Analyst Tools.tbx\InterpolateShape" Date="20110227" Time="214320">InterpolateShape elevaciones POI2 "H:\2009_02P GIS Alhambra\Realidad aumentada\POI3.shp" # 1 BILINEAR</Process><Process Name="DefineProjection_2" ToolSource="C:\Archivos de programa\ArcGIS\ArcToolbox\Toolboxes\Data Management Tools.tbx\DefineProjection" Date="20110227" Time="214816">DefineProjection "H:\2009_02P GIS Alhambra\Realidad aumentada\POI3.shp" PROJCS['ED_1950_UTM_Zone_30N',GEOGCS['GCS_European_1950',DATUM['D_European_1950',SPHEROID['International_1924',6378388.0,297.0]],PRIMEM['Greenwich',0.0],UNIT['Degree',0.0174532925199433]],PROJECTION['Transverse_Mercator'],PARAMETER['False_Easting',500000.0],PARAMETER['False_Northing',0.0],PARAMETER['Central_Meridian',-3.0],PARAMETER['Scale_Factor',0.9996],PARAMETER['Latitude_Of_Origin',0.0],UNIT['Meter',1.0]] "H:\2009_02P GIS Alhambra\Realidad aumentada\POI3.shp"</Process><Process Name="Project_3" ToolSource="C:\Archivos de programa\ArcGIS\ArcToolbox\Toolboxes\Data Management Tools.tbx\Project" Date="20110227" Time="215052">Project "H:\2009_02P GIS Alhambra\Realidad aumentada\POI3.shp" "H:\2009_02P GIS Alhambra\Realidad aumentada\POI3_EPSG4326.shp" GEOGCS['GCS_WGS_1984',DATUM['D_WGS_1984',SPHEROID['WGS_1984',6378137.0,298.257223563]],PRIMEM['Greenwich',0.0],UNIT['Degree',0.0174532925199433]] ED_1950_To_WGS_1984_30 PROJCS['ED_1950_UTM_Zone_30N',GEOGCS['GCS_European_1950',DATUM['D_European_1950',SPHEROID['International_1924',6378388.0,297.0]],PRIMEM['Greenwich',0.0],UNIT['Degree',0.0174532925199433]],PROJECTION['Transverse_Mercator'],PARAMETER['False_Easting',500000.0],PARAMETER['False_Northing',0.0],PARAMETER['Central_Meridian',-3.0],PARAMETER['Scale_Factor',0.9996],PARAMETER['Latitude_Of_Origin',0.0],UNIT['Meter',1.0]]</Process></lineage></DataProperties><MetaID>{F6114AE2-74DF-4141-B987-B0A122A68ACF}</MetaID></Esri><idinfo><citation><citeinfo><onlink Sync="TRUE">\\MARTAMORENO2\C\PROYECTOS\RA\SHP_alhambra\POI5_ETRS89Copy</onlink></citeinfo></citation></idinfo><distInfo><distributor><distorTran><onLineSrc><linkage Sync="TRUE">file://\\MARTAMORENO2\C\PROYECTOS\RA\SHP_alhambra\POI5_ETRS89Copy</linkage><protocol Sync="TRUE">Local Area Network</protocol></onLineSrc></distorTran></distributor></distInfo><dataqual><lineage><procstep><procdesc Sync="TRUE">Dataset copied.</procdesc><srcused Sync="TRUE"></srcused><date Sync="TRUE">20110227</date><time Sync="TRUE">21505000</time></procstep><procstep><procdesc Sync="TRUE">Dataset copied.</procdesc><srcused Sync="TRUE">H:\2009_02P GIS Alhambra\Realidad aumentada\POI3_EPSG4326</srcused><date Sync="TRUE">20110302</date><time Sync="TRUE">12523300</time></procstep><procstep><procdesc Sync="TRUE">Dataset moved.</procdesc><srcused Sync="TRUE">C:\PROYECTOS\RA\material pruebas jara\POI_Alhambra_v4\POI4_EPSG4326</srcused><procdate Sync="TRUE">20110323</procdate><proctime Sync="TRUE">11350300</proctime></procstep><procstep><procdesc Sync="TRUE">Dataset copied.</procdesc><srcused Sync="TRUE">C:\PROYECTOS\RA\SHP_alhambra\POI4_EPSG4326</srcused><procdate Sync="TRUE">20110323</procdate><proctime Sync="TRUE">11381300</proctime></procstep><procstep><procdesc Sync="TRUE">Dataset copied.</procdesc><srcused Sync="TRUE">C:\PROYECTOS\RA\SHP_alhambra\POI5_ETRS89</srcused><procdate Sync="TRUE">20110323</procdate><proctime Sync="TRUE">12100600</proctime></procstep></lineage></dataqual></metadata>
