<soapenv:Envelope xmlns:soapenv="http://schemas.xmlsoap.org/soap/envelope/" xmlns:giro="http://juntadeandalucia.es/GIRO">
   <soapenv:Header/>
   <soapenv:Body>
      <giro:MT_GA_AltaPropuesta_Request>
        <CABECERA>
            <!--Optional:-->
            <IDINT></IDINT>
            <SISTEMA_ORIGEN>ERISG3</SISTEMA_ORIGEN>
            <USUARIO>ZPI_ERISG3</USUARIO>
         </CABECERA>
         <!--Optional:-->
         <LISTA_DOCUMENTOS>
            <!--Zero or more repetitions:-->
            <item>
               <!--Optional:-->
               <IDINT></IDINT>
               <USUARIO>usuario</USUARIO>
               <PROCEDIMIENTO>PREMIOS</PROCEDIMIENTO>
               <CIRCUITO>CONT A</CIRCUITO>
               <ORGANO_GESTOR>1000</ORGANO_GESTOR>
               <EJERCICIO_EXP>2013</EJERCICIO_EXP>
               <MODELO>A</MODELO>
               <TITULO_EXP>Expediente para documento A de prueba</TITULO_EXP>
               <MONEDA>EUR</MONEDA>
               <SOCIEDAD>1000</SOCIEDAD>
               <!--Optional:-->
               <NUMERO_OPERACION_FFEE></NUMERO_OPERACION_FFEE>
               <FASE_INTERVENCION>0001</FASE_INTERVENCION>
               <!--Optional:-->
               <NUM_EXTERNO_EXPEDIENTE></NUM_EXTERNO_EXPEDIENTE>
               <!--Optional:-->
               <EJERCICIO_EXP_REFERENCIA></EJERCICIO_EXP_REFERENCIA>
               <!--Optional:-->
               <NUMERO_EXP_REFERENCIA></NUMERO_EXP_REFERENCIA>
               <!--Optional:-->
               <LISTA_POSICIONES>
                  <!--Zero or more repetitions:-->
                  <item>
                     <NUM_POSICION>0001</NUM_POSICION>
                     <CENTRO_GESTOR>0100010000</CENTRO_GESTOR>
                     <POSICION_PRESUPUESTARIA>G/01A/22001/00</POSICION_PRESUPUESTARIA>
                     <FONDO>01</FONDO>
                     <IMPORTE>50</IMPORTE>
                     <!--Optional:-->
                     <EJERCICIO_EFECTIVIDAD>2013</EJERCICIO_EFECTIVIDAD>
                     <DESCRIPCION>descripcion de posicion</DESCRIPCION>
                     <!--Optional:-->
                     <ACREEDOR>
                        <!--Optional:-->
                        <INTERLOCUTOR_COMERCIAL></INTERLOCUTOR_COMERCIAL>
                        <!--Optional:-->
                        <NIF_CIF></NIF_CIF>
                        <!--Optional:-->
                        <NOMBRE></NOMBRE>
                        <!--Optional:-->
                        <IDENTIFICADOR></IDENTIFICADOR>
                        <!--Optional:-->
                        <CLASE_IDENTIFICADOR></CLASE_IDENTIFICADOR>
                     </ACREEDOR>
                     <!--Optional:-->
                     <ELEMENTO_PEP></ELEMENTO_PEP>
                     <CENTRO_COSTE>1000</CENTRO_COSTE>
                     <!--Optional:-->
                     <ACTIVO_FIJO_NUMERO></ACTIVO_FIJO_NUMERO>
                     <!--Optional:-->
                     <ACTIVO_FIJO_SUBNUMERO></ACTIVO_FIJO_SUBNUMERO>
                     <!--Optional:-->
                     <NUM_PROCEDIMIENTO_JUDICIAL></NUM_PROCEDIMIENTO_JUDICIAL>
                     <!--Optional:-->
                     <INDICADOR_IVA></INDICADOR_IVA>
                     <!--Optional:-->
                     <SUSTITUTO_LEGAL>
                        <!--Optional:-->
                        <INTERLOCUTOR_COMERCIAL></INTERLOCUTOR_COMERCIAL>
                        <!--Optional:-->
                        <NIF_CIF></NIF_CIF>
                        <!--Optional:-->
                        <NOMBRE></NOMBRE>
                        <!--Optional:-->
                        <IDENTIFICADOR></IDENTIFICADOR>
                        <!--Optional:-->
                        <CLASE_IDENTIFICADOR></CLASE_IDENTIFICADOR>
                     </SUSTITUTO_LEGAL>
                     <!--Optional:-->
                     <IBAN></IBAN>
                     <!--Optional:-->
                     <AREA_GEOGRAFICA>04</AREA_GEOGRAFICA>
                     <!--Optional:-->
                     <CLASE_EXPEDIENTE_CONTRATO></CLASE_EXPEDIENTE_CONTRATO>
                     <!--Optional:-->
                     <EJERCICIO_EXPEDIENTE_CONTRATO></EJERCICIO_EXPEDIENTE_CONTRATO>
                     <!--Optional:-->
                     <NUM_EXPEDIENTE_CONTRATO></NUM_EXPEDIENTE_CONTRATO>
                     <!--Optional:-->
                     <CERTIFICACION_VOLUNTARIA></CERTIFICACION_VOLUNTARIA>
                     <!--Optional:-->
                     <EXCLUSION_CERTIFICACION></EXCLUSION_CERTIFICACION>
                     <!--Optional:-->
                     <ACTIVO_FIJO_ARRENDAMIENTO_NUMERO></ACTIVO_FIJO_ARRENDAMIENTO_NUMERO>
                     <!--Optional:-->
                     <ACTIVO_FIJO_ARRENDAMIENTO_SUBNUMERO></ACTIVO_FIJO_ARRENDAMIENTO_SUBNUMERO>
                     <!--Optional:-->
                     <NUM_MODELO_FE08></NUM_MODELO_FE08>
                     <!--Optional:-->
                     <FECHA_LIMITE_JUSTIFICACION></FECHA_LIMITE_JUSTIFICACION>
                     <!--Optional:-->
                     <DEPRECIACION></DEPRECIACION>
                     <!--Optional:-->
                     <AUMENTO></AUMENTO>
                     <!--Optional:-->
                     <LISTA_RETENCIONES>                       
                     </LISTA_RETENCIONES>
                  </item>
               </LISTA_POSICIONES>
            </item>
         </LISTA_DOCUMENTOS>
      </giro:MT_GA_AltaPropuesta_Request>
   </soapenv:Body>
</soapenv:Envelope>