<SOAP:Envelope xmlns:SOAP="http://schemas.xmlsoap.org/soap/envelope/">
   <SOAP:Header/>
   <SOAP:Body>
      <ns1:MT_Comun_PeticionConsultaGenerica_Response xmlns:ns1="http://juntadeandalucia.es/GIRO">
         <IDINT>0000000000000000000000000000000079194483</IDINT>
         <CODIGO_ERROR>000</CODIGO_ERROR>
         <DESCRIPCION_ERROR>Ejecuci�n sin errores</DESCRIPCION_ERROR>
         <LISTA_PETICIONES_HIJAS>
            <item>
               <IDINT>0000000000000000000000000000000079194484</IDINT>
               <CODIGO_ERROR>055</CODIGO_ERROR>
               <DESCRIPCION_ERROR>Complete todos los campos obligatorios (NUM_FAC)</DESCRIPCION_ERROR>
            </item>
            <item>
               <IDINT>0000000000000000000000000000000079194485</IDINT>
               <CODIGO_ERROR>055</CODIGO_ERROR>
               <DESCRIPCION_ERROR>Complete todos los campos obligatorios (NUM_FAC)</DESCRIPCION_ERROR>
            </item>
         </LISTA_PETICIONES_HIJAS>
      </ns1:MT_Comun_PeticionConsultaGenerica_Response>
   </SOAP:Body>
</SOAP:Envelope>