<soapenv:Envelope xmlns:soapenv="http://schemas.xmlsoap.org/soap/envelope/" xmlns:giro="http://juntadeandalucia.es/GIRO">
   <soapenv:Header/>
   <soapenv:Body>
      <giro:MT_GA_CreditoDisponible_Request>
         <CABECERA>
            <!--Optional:-->
            <IDINT></IDINT>
            <SISTEMA_ORIGEN>ERISG3</SISTEMA_ORIGEN>
            <USUARIO>ZPI_ERISG3</USUARIO>
         </CABECERA>
         <EJERCICIO>2013</EJERCICIO>
         <EJERCICIO_EFECTIVIDAD>2013</EJERCICIO_EFECTIVIDAD>
         <CENTRO_GESTOR>1231010000</CENTRO_GESTOR>
         <POSICION_PRESUPUESTARIA>>G/54F/66900/99</POSICION_PRESUPUESTARIA>
         <FONDO>01</FONDO>
         <!--	Optional:-->
         <AREA_FUNCIONAL></AREA_FUNCIONAL>
         <!--Optional:-->
         <PROYECTO_INVERSION>2006000132</PROYECTO_INVERSION>
         <!--Optional:-->
         <SUBVENCION></SUBVENCION>
         <MONEDA>EUR</MONEDA>
         <ENTIDAD_CP>JDEA</ENTIDAD_CP>
      </giro:MT_GA_CreditoDisponible_Request>
   </soapenv:Body>
</soapenv:Envelope>