<soapenv:Envelope xmlns:soapenv="http://schemas.xmlsoap.org/soap/envelope/" xmlns:giro="http://juntadeandalucia.es/GIRO">
   <soapenv:Header/>
   <soapenv:Body>
      <giro:MT_RL_ProhibContratar_Request>
         <CABECERA>
            <!--Optional:-->
            <IDINT></IDINT>
            <SISTEMA_ORIGEN>ERISG3</SISTEMA_ORIGEN>
            <USUARIO>ZPI_ERISG3</USUARIO>
         </CABECERA>
         <!--Optional:-->
         <NUMINS></NUMINS>
         <!--Optional:-->
         <NIF>31406762D</NIF>
      </giro:MT_RL_ProhibContratar_Request>
   </soapenv:Body>
</soapenv:Envelope>