<soapenv:Envelope xmlns:soapenv="http://schemas.xmlsoap.org/soap/envelope/" xmlns:giro="http://juntadeandalucia.es/GIRO">
   <soapenv:Header/>
   <soapenv:Body>
      <giro:MT_BP_CorrienteObligacionesTributarias_Request>
         <CABECERA>
            <!--Optional:-->
            <IDINT></IDINT>
            <SISTEMA_ORIGEN>ERISG3</SISTEMA_ORIGEN>
            <USUARIO>ZPI_ERISG3</USUARIO>
         </CABECERA>
         <!--Optional:-->
         <NOMBRE>?</NOMBRE>
         <NIF>11111111H</NIF>
         <NIVEL_TRIBUTO>E</NIVEL_TRIBUTO>
         <TIPO_ACCION>C</TIPO_ACCION>
      </giro:MT_BP_CorrienteObligacionesTributarias_Request>
   </soapenv:Body>
</soapenv:Envelope>