<soapenv:Envelope xmlns:soapenv="http://schemas.xmlsoap.org/soap/envelope/" xmlns:giro="http://juntadeandalucia.es/GIRO">
   <soapenv:Header/>
   <soapenv:Body>
      <giro:MT_GA_PartidaDisponible_Request>
         <CABECERA>
            <!--Optional:-->
    
            <SISTEMA_ORIGEN>ERISG3</SISTEMA_ORIGEN>
            <USUARIO>ZPI_ERISG3</USUARIO>
         </CABECERA>
         <EJERCICIO>2013</EJERCICIO>
         <!--Optional:-->
         <INGRESO_GASTO>G</INGRESO_GASTO>
         <!--Optional:-->
         <FONDO>0*</FONDO>
         <!--Optional:-->
         <SECCION></SECCION>
         <!--Optional:-->
         <CLASI_ECONOMICA>*</CLASI_ECONOMICA>
         <!--Optional:-->
         <CLASI_FUNCIONAL>*</CLASI_FUNCIONAL>
         <!--Optional:-->
         <PROYECTO_PRESUPUESTARIO>*</PROYECTO_PRESUPUESTARIO>      
      </giro:MT_GA_PartidaDisponible_Request>
   </soapenv:Body>
</soapenv:Envelope>