<?xml version="1.0" encoding="UTF-8" ?>
<!--
 Licensed to the Apache Software Foundation (ASF) under one or more
 contributor license agreements.  See the NOTICE file distributed with
 this work for additional information regarding copyright ownership.
 The ASF licenses this file to You under the Apache License, Version 2.0
 (the "License"); you may not use this file except in compliance with
 the License.  You may obtain a copy of the License at

     http://www.apache.org/licenses/LICENSE-2.0

 Unless required by applicable law or agreed to in writing, software
 distributed under the License is distributed on an "AS IS" BASIS,
 WITHOUT WARRANTIES OR CONDITIONS OF ANY KIND, either express or implied.
 See the License for the specific language governing permissions and
 limitations under the License.
-->

<schema name="example" version="1.5">

 <!-- ================================================================ -->
 <!--                            FIELDS                                -->
 <!-- ================================================================ -->
 <fields>
 
 <!-- ~~~~~~~~~~~~~~~~~~~~~~~~~~~~~~~~~~~~~~~~~~~~~~~~ -->
 <!-- ~~~~~~~~~~~~~~~~~~~ FUENTES Y MANANTIALES ~~~~~~~~~~~~~~~~~~ -->
 <!-- ~~~~~~~~~~~~~~~~~~~~~~~~~~~~~~~~~~~~~~~~~~~~~~~~ -->

  <!-- ~~~~~~~~~~~~~~~~~~~ FUENTES ~~~~~~~~~~~~~~~~~~~ -->
  <field name="municipio_fuente" type="texto" indexed="true" stored="true" multiValued="false" />
  <field name="provincia_fuente" type="texto" indexed="true" stored="true" multiValued="false" />
  <field name="nombre" type="texto" indexed="true" stored="true" multiValued="false" />
  <field name="tipo" type="texto" indexed="true" stored="true" multiValued="false" />
  <field name="cuenca" type="texto" indexed="true" stored="true" multiValued="false" />
  <field name="foto" type="texto" indexed="false" stored="true" multiValued="false" />
  <field name="web" type="texto" indexed="false" stored="true" multiValued="false" />
  <field name="enlace" type="string" indexed="false" stored="true" multiValued="false" />
  <field name="imagen" type="string" indexed="false" stored="true" multiValued="false" />
 
 <!-- ~~~~~~~~~~~~~~~~~~~~~~~~~~~~~~~~~~~~~~~~~~~~~~~~ -->
 <!-- ~~~~~~~~~~~~~~~~~~~~ DERA ~~~~~~~~~~~~~~~~~~~~ -->
 <!-- ~~~~~~~~~~~~~~~~~~~~~~~~~~~~~~~~~~~~~~~~~~~~~~~~ -->
  <field name="municipio" type="texto" indexed="true" stored="true" multiValued="false" /> 
  <field name="provincia" type="texto" indexed="true" stored="true" multiValued="false" /> 
 
  <!-- ~~~~~~~~~~~~~~~~~~~ OTROS ~~~~~~~~~~~~~~~~~~~ -->
  <field name="solrid" type="uuid" indexed="true" stored="true" required="true" />
  <field name="geom" type="spatial" indexed="false" stored="true" />
  <field name="keywords" type="texto" indexed="true" stored="true" multiValued="true" />
  <field name="_version_" type="long" indexed="true" stored="true" />
  
  <!-- ~~~~~~~~~~~~~~~~~~~ TEXT ~~~~~~~~~~~~~~~~~~~ -->
  <field name="text" type="texto" indexed="true" stored="false" multiValued="true" termVectors="true" termPositions="true" termOffsets="true" />
  <field name="nombre_autocompletar" type="text_auto" indexed="true" stored="false" multiValued="true" />
 </fields>

  <uniqueKey>solrid</uniqueKey>
 <!--<uniqueKey>clave</uniqueKey>-->

 <!-- ================================================================ -->
 <!--                         COPY FIELDS                              -->
 <!-- ================================================================ -->
 
 <!-- ~~~~~~~~~~~~~~~~~~~ FUENTES ~~~~~~~~~~~~~~~~~~ -->
  <!--<copyField source="gid" dest="text" />-->
  <copyField source="municipio_fuente" dest="text" />
  <copyField source="provincia_fuente" dest="text" />
  <copyField source="nombre" dest="text" />
  <copyField source="tipo" dest="text" />
  <copyField source="cuenca" dest="text" />
  <copyField source="municipio" dest="text" />
  <copyField source="provincia" dest="text" />
  <!--<copyField source="clave" dest="text" />-->

  <copyField source="nombre" dest="nombre_autocompletar" />
  
 
 <!-- ================================================================ -->
 <!--                         FIELDS TYPES                              -->
 <!-- ================================================================ -->
  <types>
   <!-- The StrField type is not analyzed, but indexed/stored verbatim. -->
  <fieldType name="string" class="solr.StrField" sortMissingLast="true" />
  <fieldType name="boolean" class="solr.BoolField" sortMissingLast="true" />
  <fieldType name="int" class="solr.TrieIntField" precisionStep="0" positionIncrementGap="0" />
  <fieldType name="float" class="solr.TrieFloatField" precisionStep="0" positionIncrementGap="0" />
  <fieldType name="long" class="solr.TrieLongField" precisionStep="0" positionIncrementGap="0" />
  <fieldType name="double" class="solr.TrieDoubleField" precisionStep="0" positionIncrementGap="0" />
  <fieldType name="tint" class="solr.TrieIntField" precisionStep="8" positionIncrementGap="0" />
  <fieldType name="tfloat" class="solr.TrieFloatField" precisionStep="8" positionIncrementGap="0" />
  <fieldType name="tlong" class="solr.TrieLongField" precisionStep="8" positionIncrementGap="0" />
  <fieldType name="tdouble" class="solr.TrieDoubleField" precisionStep="8" positionIncrementGap="0" />
  <fieldType name="date" class="solr.TrieDateField" precisionStep="0" positionIncrementGap="0" />
  <fieldType name="tdate" class="solr.TrieDateField" precisionStep="6" positionIncrementGap="0" />
  <fieldtype name="binary" class="solr.BinaryField" />
  <fieldType name="pint" class="solr.IntField" />
  <fieldType name="plong" class="solr.LongField" />
  <fieldType name="pfloat" class="solr.FloatField" />
  <fieldType name="pdouble" class="solr.DoubleField" />
  <fieldType name="pdate" class="solr.DateField" sortMissingLast="true" />

  <fieldType name="random" class="solr.RandomSortField" indexed="true" />

  <!-- ~~~~~~~~~~~~~~~~~~~ SPATIAL ~~~~~~~~~~~~~~~~~~~ -->
  <fieldType name="spatial" class="solr.TextField" />

  <!-- ~~~~~~~~~~~~~~~~~~~ UID ~~~~~~~~~~~~~~~~~~~ -->
  <fieldType name="uuid" class="solr.UUIDField" indexed="true" />
 
  <!-- ~~~~~~~~~~~~~~~~~~~ TEXTO ~~~~~~~~~~~~~~~~~~~ -->
 <fieldType name="texto" class="solr.TextField" positionIncrementGap="100">
      <analyzer type="index">
        <charFilter class="solr.MappingCharFilterFactory" mapping="mapping-ISOLatin1Accent.txt"/>
        <filter class="solr.LowerCaseFilterFactory"/>
        <filter class="solr.ASCIIFoldingFilterFactory"/>
        <filter class="solr.StopFilterFactory" words="stopwords.txt" ignoreCase="true" format="snowball"/>
        <tokenizer class="solr.StandardTokenizerFactory"/>
        <filter class="solr.SnowballPorterFilterFactory" language="Spanish"/>
        <filter class="solr.EdgeNGramFilterFactory" minGramSize="3" maxGramSize="60" side="front"/>
        <filter class="solr.TrimFilterFactory" />
        <filter class="solr.RemoveDuplicatesTokenFilterFactory" />
      </analyzer>
      <analyzer type="query">
        <charFilter class="solr.MappingCharFilterFactory" mapping="mapping-ISOLatin1Accent.txt"/>
        <filter class="solr.LowerCaseFilterFactory"/>
        <filter class="solr.ASCIIFoldingFilterFactory"/>
        <filter class="solr.StopFilterFactory" words="stopwords.txt" ignoreCase="true" format="snowball"/>
        <tokenizer class="solr.StandardTokenizerFactory"/>
        <filter class="solr.TrimFilterFactory" />
        <filter class="solr.SnowballPorterFilterFactory" language="Spanish"/>
        <filter class="solr.RemoveDuplicatesTokenFilterFactory" />
      </analyzer>
 </fieldType>
 <!-- Tipo SUGGEST -->
    <fieldType class="solr.TextField" name="text_auto">
     <analyzer>
      <tokenizer class="solr.KeywordTokenizerFactory"/>
      <filter class="solr.LowerCaseFilterFactory"/>
     </analyzer>
    </fieldType>
 <!-- Fin tipo SUGGEST -->
 </types>
 
 <!-- ================================================================ -->
 <!--                          SIMILARITY                              -->
 <!-- ================================================================ -->
 <similarity class="es.juntadeandalucia.geosearch.similarity.DisableIDFSimilarity"/>

</schema>