<?xml version="1.0" encoding="UTF-8" ?>
<!--
 Licensed to the Apache Software Foundation (ASF) under one or more
 contributor license agreements.  See the NOTICE file distributed with
 this work for additional information regarding copyright ownership.
 The ASF licenses this file to You under the Apache License, Version 2.0
 (the "License"); you may not use this file except in compliance with
 the License.  You may obtain a copy of the License at

     http://www.apache.org/licenses/LICENSE-2.0

 Unless required by applicable law or agreed to in writing, software
 distributed under the License is distributed on an "AS IS" BASIS,
 WITHOUT WARRANTIES OR CONDITIONS OF ANY KIND, either express or implied.
 See the License for the specific language governing permissions and
 limitations under the License.
-->

<!-- 
     For more details about configurations options that may appear in
     this file, see http://wiki.apache.org/solr/SolrConfigXml. 
-->
<config>
  <luceneMatchVersion>4.4</luceneMatchVersion>

  <lib dir="../../../contrib/extraction/lib" regex=".*\.jar" />
  <lib dir="../../../dist/" regex="solr-cell-\d.*\.jar" />

  <lib dir="../../../contrib/clustering/lib/" regex=".*\.jar" />
  <lib dir="../../../dist/" regex="solr-clustering-\d.*\.jar" />

  <lib dir="../../../contrib/langid/lib/" regex=".*\.jar" />
  <lib dir="../../../dist/" regex="solr-langid-\d.*\.jar" />

  <lib dir="../../../contrib/velocity/lib" regex=".*\.jar" />
  <lib dir="../../../dist/" regex="solr-velocity-\d.*\.jar" />

  <!--<dataDir>/opt/cores_geobusquedas/fuentes_core/data</dataDir>-->

  <directoryFactory name="DirectoryFactory" class="${solr.directoryFactory:solr.NRTCachingDirectoryFactory}"/> 

  <codecFactory class="solr.SchemaCodecFactory"/>

  <schemaFactory class="ClassicIndexSchemaFactory"/>

  <!-- ~~~~~~~~~~~~~~~~~~~~~~~~~~~~~~~~~~~~~~~~~~~~~~~~~~~~~~~~~~~~~~~~~~~~~
       Index Config - These settings control low-level behavior of        <tokenizer class="solr.WhitespaceTokenizerFactory"/> indexing
       Most example settings here show the default value, but are commented
       out, to more easily see where customizations have been made.
       
       Note: This replaces <indexDefaults> and <mainIndex> from older versions
       ~~~~~~~~~~~~~~~~~~~~~~~~~~~~~~~~~~~~~~~~~~~~~~~~~~~~~~~~~~~~~~~~~~~~~ -->
  <indexConfig>
    <lockType>${solr.lock.type:native}</lockType>

    <!-- Lucene Infostream
       
         To aid in advanced debugging, Lucene provides an "InfoStream"
         of detailed information when indexing.

         Setting the value to true will instruct the underlying Lucene
         IndexWriter to write its info stream to solr's log. By default,
         this is enabled here, and controlled through log4j.properties.
      -->
     <infoStream>true</infoStream>
  </indexConfig>


  <!-- JMX
       
       This example enables JMX if and only if an existing MBeanServer
       is found, use this if you want to configure JMX through JVM
       parameters. Remove this to disable exposing Solr configuration
       and statistics to JMX.

       For more details see http://wiki.apache.org/solr/SolrJmx
    -->
  <jmx />
  <!-- If you want to connect to a particular server, specify the
     agentId 
    -->
  <!-- <jmx agentId="myAgent" /> -->
  <!-- If you want to start a new MBeanServer, specify the serviceUrl -->
  <!-- <jmx serviceUrl="service:jmx:rmi:///jndi/rmi://localhost:9999/solr"/>
    -->

  <updateHandler class="org.apache.solr.update.GeoUpdateHandler">
    <updateLog>
      <str name="dir">${solr.ulog.dir:}</str>
    </updateLog>
    <autoCommit> 
      <maxTime>${solr.autoCommit.maxTime:15000}</maxTime> 
      <openSearcher>false</openSearcher> 
    </autoCommit>
    <autoSoftCommit> 
      <maxTime>${solr.autoSoftCommit.maxTime:-1}</maxTime> 
    </autoSoftCommit>
  </updateHandler>
  
  
  <!-- ~~~~~~~~~~~~~~~~~~~~~~~~~~~~~~~~~~~~~~~~~~~~~~~~~~~~~~~~~~~~~~~~~~~~~
       Query section - these settings control query time things like caches
       ~~~~~~~~~~~~~~~~~~~~~~~~~~~~~~~~~~~~~~~~~~~~~~~~~~~~~~~~~~~~~~~~~~~~~ -->
  <query>
    <maxBooleanClauses>1024</maxBooleanClauses>
    <filterCache class="solr.FastLRUCache" size="512" initialSize="512" autowarmCount="0"/>
    <queryResultCache class="solr.LRUCache" size="16384" initialSize="4096" autowarmCount="1024"/>
    <documentCache class="solr.LRUCache" size="512" initialSize="512" autowarmCount="0"/>
    <enableLazyFieldLoading>true</enableLazyFieldLoading>
    <queryResultWindowSize>50</queryResultWindowSize>
    <queryResultMaxDocsCached>200</queryResultMaxDocsCached>
    <useColdSearcher>false</useColdSearcher>
    <maxWarmingSearchers>4</maxWarmingSearchers>
  </query>


  <requestDispatcher handleSelect="false" >
    <requestParsers enableRemoteStreaming="true" multipartUploadLimitInKB="2048000" formdataUploadLimitInKB="2048"
                    addHttpRequestToContext="false"/>
    <httpCaching never304="true" />
  </requestDispatcher>


  <!-- Request Handlers http://wiki.apache.org/solr/SolrRequestHandler
       EDIT FILE
  -->
  <requestHandler name="/admin/file/edit" class="es.juntadeandalucia.geosearch.request.EditingFileRequestHandler" />


  <!-- =================================================================== -->
  <!-- REQUEST HANDLERS http://wiki.apache.org/solr/SolrRequestHandler     -->
  <!-- =================================================================== -->
  <requestHandler name="/search" class="es.juntadeandalucia.geosearch.request.GeoRequestHandler">
    <lst name="defaults">
      <str name="omitHeader">true</str>
      <str name="wt">json</str>
      <str name="indent">false</str>
      <int name="start">0</int>
      <int name="rows">10</int>
      <str name="df">text</str>
      <str name="defType">edismax</str>
      <str name="qs">4</str>
      <str name="q.alt">*:*</str>
      <str name="fl">keywords,geom,provincia_fuente,nombre,municipio_fuente,cuenca,tipo,foto,web,score,provincia,municipio,reference</str>
      <str name="stopwords">true</str>
      <str name="fq">-keywords:terminos,provincia</str>
      <str name="threshold">0.65</str>
      <str name="qf">
     keywords^60
        municipio^70
        provincia^50
        nombre^80
	municipio_fuente^40 
        provincia_fuente^30    
        tipo^20
        cuenca^2
        _version_^1
      </str>
    </lst>
  </requestHandler>
  <requestHandler name="/search_html" class="es.juntadeandalucia.geosearch.request.GeoRequestHandler">
    <lst name="defaults">
      <str name="omitHeader">true</str>
      <str name="wt">json</str>
      <str name="indent">false</str>
      <int name="start">0</int>
      <int name="rows">10</int>
      <str name="df">text</str>
      <str name="defType">edismax</str>
      <str name="qs">4</str>
      <str name="q.alt">*:*</str>
      <str name="fl">keywords,geom,provincia_fuente,nombre,municipio_fuente,cuenca,tipo,imagen,enlace,score,provincia,municipio,reference</str>
      <str name="stopwords">true</str>
      <str name="fq">-keywords:terminos,provincia</str>
      <str name="threshold">0.65</str>
      <str name="qf">
     keywords^60
        municipio^70
        provincia^50
        nombre^80
	municipio_fuente^40  
        provincia_fuente^30     
        tipo^20
        cuenca^2
        _version_^1
      </str>
    </lst>
  </requestHandler>
  <requestHandler name="/handler_ping" class="es.juntadeandalucia.geosearch.request.GeoRequestHandler">
    <lst name="defaults">
      <str name="wt">json</str>
      <int name="start">0</int>
      <int name="rows">1</int>
      <str name="df">text</str>
      <str name="q.alt">*:*</str>
    </lst>
  </requestHandler>

  <!-- Update Request Handler. http://wiki.apache.org/solr/UpdateXmlMessages
  -->
  <requestHandler name="/admin/update" class="solr.UpdateRequestHandler"></requestHandler>

  <!-- Field Analysis Request Handler
   -->
  <requestHandler name="/admin/analysis/field"  startup="lazy" class="solr.FieldAnalysisRequestHandler" />


  <!-- Document Analysis Handler http://wiki.apache.org/solr/AnalysisRequestHandler
  -->
  <requestHandler name="/admin/analysis/document" class="solr.DocumentAnalysisRequestHandler" startup="lazy" />

  <!-- Admin Handlers
       Admin Handlers - This will register all the standard admin
       RequestHandlers.  
    -->
  <requestHandler name="/admin/" class="solr.admin.AdminHandlers" />

  <!-- ping/healthcheck -->
  <requestHandler name="/admin/ping" class="solr.PingRequestHandler">
    <lst name="invariants">
      <str name="q">solrpingquery</str>
      <str name="qt">/handler_ping</str>
    </lst>
    <lst name="defaults">
      <str name="echoParams">all</str>
    </lst>
  </requestHandler>

  <!-- Echo the request contents back to the client -->
  <requestHandler name="/admin/debug/dump" class="solr.DumpRequestHandler" >
    <lst name="defaults">
     <str name="echoParams">explicit</str> 
     <str name="echoHandler">true</str>
    </lst>
  </requestHandler>
  
  <!-- Solr Replication

       The SolrReplicationHandler supports replicating indexes from a
       "master" used for indexing and "slaves" used for queries.

       http://wiki.apache.org/solr/SolrReplication 
    -->
     <requestHandler name="/admin/replication" class="solr.ReplicationHandler"
    startup="lazy">
    </requestHandler>


  <!-- =================================================================== -->
  <!--                             IMPORTS                                 -->
  <!-- =================================================================== -->
  <requestHandler name="/admin/fuentesymanantiales"
    class="org.apache.solr.handler.dataimport.DataImportHandler">
    <lst name="defaults">
      <str name="config">imports/fuentesymanantiales.xml</str>
    </lst>
  </requestHandler> 
   <requestHandler name="/admin/dera"
    class="org.apache.solr.handler.dataimport.DataImportHandler">
    <lst name="defaults">
      <str name="config">imports/dera.xml</str>
    </lst>
  </requestHandler>

  <!-- =================================================================== -->
  <!--                             SUGGESTER                                 -->
  <!-- =================================================================== -->
    <searchComponent class="solr.SpellCheckComponent" name="suggest">
        <lst name="spellchecker">
          <str name="name">suggest</str>
          <str name="classname">org.apache.solr.spelling.suggest.Suggester</str>
          <str name="lookupImpl">org.apache.solr.spelling.suggest.tst.TSTLookupFactory</str>
          <!-- Alternatives to lookupImpl:  
           org.apache.solr.spelling.suggest.fst.FSTLookupFactory   [finite state automaton]
           org.apache.solr.spelling.suggest.fst.WFSTLookupFactory [weighted finite state automaton]
           org.apache.solr.spelling.suggest.jaspell.JaspellLookupFactory [default, jaspell-based]
           org.apache.solr.spelling.suggest.tst.TSTLookupFactory   [ternary trees]
          -->
          <str name="field">nombre_autocompletar</str>  <!-- the indexed field to derive suggestions from -->
          <float name="threshold">0.0005</float>
          <str name="buildOnCommit">true</str>
    <!--
          <str name="sourceLocation">american-english</str>
    -->
        </lst>
      </searchComponent>
      <requestHandler class="org.apache.solr.handler.component.SearchHandler" name="/suggest">
        <lst name="defaults">
          <str name="spellcheck">true</str>
          <str name="spellcheck.dictionary">suggest</str>
          <str name="spellcheck.onlyMorePopular">true</str>
          <str name="spellcheck.count">10</str>
          <str name="spellcheck.collate">false</str>
        </lst>
        <arr name="components">
          <str>suggest</str>
        </arr>
      </requestHandler>

    <!-- Fin SUGGESTER -->


  <!-- =================================================================== -->
  <!-- RESPONSE WRITERS http://wiki.apache.org/solr/QueryResponseWriter -->
  <!-- =================================================================== -->
  <queryResponseWriter name="xml" deault="true" class="es.juntadeandalucia.geosearch.response.SpatialXMLResponseWriter">
    <str name="content-type">text/plain; charset=UTF-8</str>
  </queryResponseWriter>  
  <queryResponseWriter name="json" class="es.juntadeandalucia.geosearch.response.SpatialJSONResponseWriter">
    <str name="content-type">text/plain; charset=UTF-8</str>
  </queryResponseWriter>
  <queryResponseWriter name="csv" class="es.juntadeandalucia.geosearch.response.SpatialCSVResponseWriter" />
  <queryResponseWriter name="php" class="es.juntadeandalucia.geosearch.response.SpatialPHPResponseWriter" />
  <queryResponseWriter name="phps" class="es.juntadeandalucia.geosearch.response.SpatialPHPSerializedResponseWriter" />
  <queryResponseWriter name="python" class="es.juntadeandalucia.geosearch.response.SpatialPythonResponseWriter" />
  <queryResponseWriter name="raw" class="es.juntadeandalucia.geosearch.response.SpatialRawResponseWriter" />
  <queryResponseWriter name="ruby" class="es.juntadeandalucia.geosearch.response.SpatialRubyResponseWriter" />
  <queryResponseWriter name="xslt" class="es.juntadeandalucia.geosearch.response.SpatialXSLTResponseWriter">
    <int name="xsltCacheLifetimeSeconds">5</int>
  </queryResponseWriter>
    

  <!-- Legacy config for the admin interface -->
  <admin>
    <defaultQuery>*:*</defaultQuery>
  </admin>

  <updateRequestProcessorChain name="uuid">
    <processor class="solr.UUIDUpdateProcessorFactory">
      <str name="fieldName">solrid</str>
    </processor>
    <processor class="solr.RunUpdateProcessorFactory" />
  </updateRequestProcessorChain>

</config>