<?xml version="1.0"?>
<init>
<globales>

	<global nombre="Tipo" descripcion="Tipo de reunión a realizar" tipo="LISTA" ayuda="Tipo de reunión a realizar">
		<elemento nombre="Técnica" valor="Técnica"/>
		<elemento nombre="Seguimiento" valor="Seguimiento"/>
		<elemento nombre="Plan de soporte" valor="Plan de soporte"/>
	</global>

</globales>
<fases>
	<fase nombre="SDK_WFGEN_REGISTRO_DATOS">
			<tarea nombre="SDK_WFGEN_REGISTRO_DATOS">
			</tarea>
	</fase>			
	<fase nombre="PEREN10F1">
			<tarea nombre="PEREN10F1T1">
				<campo nombre="Tipo" obligatorio="true" />
 			</tarea>
	</fase>				
</fases>
</init>
