<?xml version='1.0' encoding='ISO-8859-15' ?>
<!--Generado desde Model@ v2.1.1-->
<DEF_PROCEDIMIENTO id="3" nombre="PEREN10" descripcion="PETICION DE REUNION 1 NIVEL V0" sistema="NAOSMIG" version="1.0.0" informar="N" vigente="S" categoria="P">
<PERFILES_USUARIO>
<PERFIL_USUARIO id="176" nombre="OPERADOR" descripcion="OPERADOR"/>
<PERFIL_USUARIO id="41" nombre="PEREN10" descripcion="TECNICO REUNION 1 NIVEL V0"/>
</PERFILES_USUARIO>
<BLOQUES>
<BLOQUE id="947" nombre="PEREN10F1T1" descripcion="CLASIFICACION" tipo="O" informar="N"></BLOQUE>
</BLOQUES>
<TAREAS>
<TAREA id="1" nombre="PEREN10F1T1" descripcion="CLASIFICACION" tipo="OTROS" tipodoc_bloque_id="947"/>
</TAREAS>
<METAFASES>
<METAFASE id="11" nombre="SDK_WFESP_RESOLUCION" descripcion="METAFASE RESOLUCION" informar="N">
<FASES>
<FASE id="7" nombre="PEREN10F1" descripcion="RESPUESTA Y ANALISIS" informar="N"></FASE>
</FASES>
</METAFASE>
</METAFASES>
<TRANSICIONES>
<TRANSICION id="15" etiqueta="RESOLUCION" descripcion="REGISTRO" tipo="I" valida="S" informar="N" etiq_larga="SDK_WFGEN_RESOLUCION">
<FASES_FIN>
<FASE_ID id="7"/>
</FASES_FIN>
<PERMISOS_TRAMITACION>
<PERFIL_TRANSICION perfil_id="176" permiso="A"/>
</PERMISOS_TRAMITACION></TRANSICION>
<TRANSICION id="20" etiqueta="FRESOLUCION" descripcion="CIERRE" tipo="F" valida="S" informar="N" etiq_larga="SDK_WFGEN_FRESOLUCION">
<FASE_INI>
<FASE_ID id="7"/>
</FASE_INI>
<PERMISOS_TRAMITACION>
<PERFIL_TRANSICION perfil_id="41" permiso="A"/>
</PERMISOS_TRAMITACION></TRANSICION>
</TRANSICIONES>
<TAREAS_FASE>
<TAREA_FASE id="1" etiqueta="PEREN10F1T1" descripcion="COMPLETAR DATOS" obligatoria="S" tarea_id="1" fase_id="7" valida="S" informar="N" etiq_larga="PEREN10F1T1">
<PERMISOS_TRAMITACION>
<PERFIL_TAREA perfil_id="41"/></PERMISOS_TRAMITACION>
</TAREA_FASE>
</TAREAS_FASE>
<DEFPROC_GR id="1" titulo="PETICION DE REUNION 1 NIVEL V0">
<GRAFICOS_METAFASE>
<METAFASE_GR id="13" metafase_id="11" xizq="0" yarr="0" ancho="50" alto="50" color_fondo="-1" color_texto="-16777216"></METAFASE_GR>
</GRAFICOS_METAFASE>
<GRAFICOS_EXTREMOS_TRANSICION>
<EXTREMOTRAN_GR id="14" tipo="FA" fase_id="7" xizq="382" yarr="294" ancho="308" alto="174"/>
<EXTREMOTRAN_GR id="17" tipo="I" fase_id="7" xizq="487" yarr="206" ancho="49" alto="42"/>
<EXTREMOTRAN_GR id="22" tipo="F" fase_id="7" xizq="444" yarr="491" ancho="44" alto="35"/>
</GRAFICOS_EXTREMOS_TRANSICION>
<GRAFICOS_TRANSICION>
<TRANSICION_GR id="16" transicion_id="15" extremotran_ini="17" extremotran_fin="14" color_linea="-16777216" color_texto="-16777216">
<NODOS_TRANSICION>
<NODO_TRANGR id="1010" x="510" y="248" orden="0"/><NODO_TRANGR id="1011" x="510" y="299" orden="1"/>
</NODOS_TRANSICION>
</TRANSICION_GR>
<TRANSICION_GR id="21" transicion_id="20" extremotran_ini="14" extremotran_fin="22" color_linea="-16777216" color_texto="-16777216">
<NODOS_TRANSICION>
<NODO_TRANGR id="1012" x="463" y="464" orden="0"/><NODO_TRANGR id="1013" x="464" y="491" orden="1"/>
</NODOS_TRANSICION>
</TRANSICION_GR>
</GRAFICOS_TRANSICION>
</DEFPROC_GR>
</DEF_PROCEDIMIENTO>
