<?xml version='1.0' encoding='ISO-8859-15' ?>
<!--Generado desde Model@ v2.1.1-->
<DEF_PROCEDIMIENTO id="2" nombre="PET_SCM_B1" descripcion="PETICION GENERAL BASICO SCM" sistema="NAOSMIG" version="1.0.0" informar="N" descrip_ampliada="PETICION GENERAL BASICO EN 1 NIVEL PARA SCM" vigente="S" categoria="P">
<PERFILES_USUARIO>
<PERFIL_USUARIO id="26" nombre="OPERADOR" descripcion="OPERADOR"/>
<PERFIL_USUARIO id="28" nombre="PET_GENB_SCM_1" descripcion="TECNICO DE MICROSOFT PETICION GENERAL BASICO 1 NIVEL"/>
</PERFILES_USUARIO>
<METAFASES>
<METAFASE id="10" nombre="SDK_WFESP_RESOLUCION" descripcion="METAFASE RESOLUCION" informar="N">
<FASES>
<FASE id="6" nombre="PET_GENB1_SCM_F1" descripcion="EVALUACION Y RESPUESTA" informar="N"></FASE>
</FASES>
</METAFASE>
</METAFASES>
<TRANSICIONES>
<TRANSICION id="13" etiqueta="RESOLUCION" descripcion="REGISTRO" tipo="I" valida="S" informar="N" etiq_larga="SDK_WFGEN_RESOLUCION">
<FASES_FIN>
<FASE_ID id="6"/>
</FASES_FIN>
<PERMISOS_TRAMITACION>
<PERFIL_TRANSICION perfil_id="26" permiso="A"/>
</PERMISOS_TRAMITACION></TRANSICION>
<TRANSICION id="18" etiqueta="FRESOLUCION" descripcion="CIERRE" tipo="F" valida="S" informar="N" etiq_larga="SDK_WFGEN_FRESOLUCION">
<FASE_INI>
<FASE_ID id="6"/>
</FASE_INI>
<PERMISOS_TRAMITACION>
<PERFIL_TRANSICION perfil_id="28" permiso="A"/>
</PERMISOS_TRAMITACION></TRANSICION>
</TRANSICIONES>
<DEFPROC_GR id="1" titulo="PETICION GENERAL BASICO SCM">
<GRAFICOS_METAFASE>
<METAFASE_GR id="11" metafase_id="10" xizq="0" yarr="0" ancho="50" alto="50" color_fondo="-1" color_texto="-16777216"></METAFASE_GR>
</GRAFICOS_METAFASE>
<GRAFICOS_EXTREMOS_TRANSICION>
<EXTREMOTRAN_GR id="12" tipo="FA" fase_id="6" xizq="303" yarr="225" ancho="246" alto="159"/>
<EXTREMOTRAN_GR id="15" tipo="I" fase_id="6" xizq="474" yarr="98" ancho="24" alto="30"/>
<EXTREMOTRAN_GR id="20" tipo="F" fase_id="6" xizq="417" yarr="472" ancho="24" alto="30"/>
</GRAFICOS_EXTREMOS_TRANSICION>
<GRAFICOS_TRANSICION>
<TRANSICION_GR id="14" transicion_id="13" extremotran_ini="15" extremotran_fin="12" color_linea="-16777216" color_texto="-16777216">
<NODOS_TRANSICION>
<NODO_TRANGR id="193" x="474" y="104" orden="0"/><NODO_TRANGR id="194" x="458" y="225" orden="1"/>
</NODOS_TRANSICION>
</TRANSICION_GR>
<TRANSICION_GR id="19" transicion_id="18" extremotran_ini="12" extremotran_fin="20" color_linea="-16777216" color_texto="-16777216">
<NODOS_TRANSICION>
<NODO_TRANGR id="195" x="399" y="384" orden="0"/><NODO_TRANGR id="196" x="417" y="493" orden="1"/>
</NODOS_TRANSICION>
</TRANSICION_GR>
</GRAFICOS_TRANSICION>
</DEFPROC_GR>
</DEF_PROCEDIMIENTO>
